#,Name,Symbol,Market Cap,Price,Circulating Supply,Volume (24h),% 1h,% 24h,% 7d
1,Bitcoin,BTC,"$39,229,677,772",$2399.51,"16,349,037","$1,539,420,000",-1.71%,4.65%,31.40%
2,Ethereum,ETH,"$17,707,728,697",$192.71,"91,888,436","$496,608,000",-11.37%,6.34%,114.03%
3,Ripple,XRP,"$12,350,294,997",$0.320516,"38,532,538,149*","$139,165,000",-1.49%,-4.61%,-15.79%
4,NEM,XEM,"$2,318,778,000",$0.257642,"8,999,999,999*","$21,183,500",-1.34%,1.56%,116.04%
5,Litecoin,LTC,"$1,645,381,118",$32.11,"51,249,357","$192,303,000",-2.54%,5.95%,28.11%
6,Ethereum Classic,ETC,"$1,474,774,568",$16.04,"91,933,808","$257,313,000",-20.37%,48.26%,169.70%
7,Dash,DASH,"$1,104,487,804",$150.98,"7,315,506","$47,371,200",-2.82%,12.71%,79.34%
8,Monero,XMR,"$833,906,085",$57.45,"14,514,099","$94,660,200",3.65%,32.19%,111.98%
9,Bytecoin,BCN,"$652,156,601",$0.003565,"182,932,101,579","$11,908,400",-0.15%,-8.48%,187.89%
10,Stellar Lumens,XLM,"$533,526,110",$0.055430,"9,625,153,528*","$27,706,000",-1.41%,-3.15%,20.99%
11,Golem,GNT,"$430,160,025",$0.521487,"824,872,000*","$30,877,800",5.71%,34.30%,167.29%
12,Dogecoin,DOGE,"$418,029,288",$0.003817,"109,508,005,024","$60,198,000",1.38%,-3.26%,206.11%
13,Zcash,ZEC,"$355,592,083",$259.17,"1,372,031","$56,838,300",-1.28%,2.63%,187.62%
14,Augur,REP,"$343,941,400",$31.27,"11,000,000*","$14,643,900",5.74%,29.16%,112.83%
15,Stratis,STRAT,"$329,403,206",$3.35,"98,397,165*","$14,877,700",0.76%,44.14%,164.29%
16,Steem,STEEM,"$311,722,628",$1.33,"233,514,089","$5,522,790",1.63%,9.21%,58.02%
17,Gnosis,GNO,"$311,197,245",$281.73,"1,104,590*","$5,104,690",5.61%,21.91%,131.99%
18,Waves,WAVES,"$285,086,000",$2.85,"100,000,000*","$2,737,940",0.67%,7.11%,103.70%
19,BitShares,BTS,"$257,212,387",$0.098859,"2,601,800,000*","$19,446,700",1.50%,7.09%,111.87%
20,Siacoin,SC,"$254,029,711",$0.009666,"26,280,476,222","$30,543,100",0.03%,2.66%,144.95%
21,MaidSafeCoin,MAID,"$211,067,277",$0.466393,"452,552,412*","$4,072,240",1.07%,16.05%,50.21%
22,GameCredits,GAME,"$210,832,571",$3.35,"62,863,975","$4,247,090",0.98%,2.02%,65.08%
23,DigixDAO,DGD,"$203,824,000",$101.91,"2,000,000*","$3,656,060",5.24%,16.83%,98.38%
24,Ardor,ARDR,"$162,073,682",$0.162236,"998,999,495*","$2,739,390",2.48%,4.84%,83.45%
25,Lisk,LSK,"$157,823,331",$1.47,"107,398,610*","$23,026,900",1.78%,66.42%,166.84%
26,Factom,FCT,"$143,531,784",$16.40,"8,753,219*","$9,124,820",0.68%,21.57%,93.56%
27,DigiByte,DGB,"$134,984,513",$0.016650,"8,107,031,908","$24,499,500",-1.72%,8.35%,130.18%
28,Round,ROUND,"$131,210,250",$0.154365,"850,000,000*","$404,556",0.03%,6.34%,3.14%
29,Decred,DCR,"$125,568,506",$25.32,"4,959,164","$3,280,850",-0.97%,16.91%,26.68%
30,Iconomi,ICN,"$123,219,840",$1.42,"87,000,000*","$1,769,590",-0.57%,1.95%,87.54%
31,SingularDTV,SNGLS,"$110,548,800",$0.184248,"600,000,000*","$335,430",1.71%,3.24%,8.28%
32,BitConnect,BCC,"$86,757,500",$13.54,"6,406,881","$778,872",-1.05%,3.78%,34.38%
33,Nxt,NXT,"$84,345,269",$0.084430,"998,999,983*","$5,797,950",1.08%,3.52%,50.58%
34,FirstBlood,1ST,"$83,574,186",$0.976809,"85,558,371*","$5,348,900",2.34%,20.70%,122.22%
35,Aragon,ANT,"$79,872,425",$2.38,"33,605,167*","$3,877,760",2.97%,29.65%,?
36,Tether,USDT,"$70,343,560",$1.03,"68,394,322*","$72,682,400",-0.49%,1.85%,6.61%
37,AntShares,ANS,"$62,065,000",$1.24,"50,000,000*","$12,741,400",5.37%,63.16%,149.54%
38,ReddCoin,RDD,"$61,354,863",$0.002152,"28,514,864,001*","$7,966,200",13.49%,72.79%,2214.35%
39,Byteball,GBYTE,"$58,224,665",$307.61,"189,284*","$227,587",-0.31%,3.99%,32.89%
40,SysCoin,SYS,"$55,008,612",$0.104784,"524,971,483","$2,559,600",0.16%,2.39%,61.71%
41,Peercoin,PPC,"$52,973,205",$2.20,"24,108,756","$3,113,740",0.38%,5.45%,28.39%
42,Komodo,KMD,"$52,929,264",$0.524335,"100,945,510","$492,190",0.61%,6.93%,53.88%
43,PIVX,PIVX,"$51,327,146",$0.959716,"53,481,598*","$1,283,320",5.35%,-6.99%,-10.11%
44,Emercoin,EMC,"$49,152,884",$1.23,"40,117,926","$1,248,710",3.29%,-5.40%,34.99%
45,iExec RLC,RLC,"$41,012,539",$0.525325,"78,070,793*","$507,495",-2.51%,10.71%,9.89%
46,Melon,MLN,"$37,054,728",$61.82,"599,400*","$475,850",-1.09%,2.81%,76.85%
47,Storjcoin X,SJCX,"$36,761,047",$0.718366,"51,173,144*","$662,397",1.25%,9.06%,4.30%
48,Counterparty,XCP,"$35,349,637",$13.50,"2,618,821*","$1,047,220",0.29%,19.67%,69.72%
49,Namecoin,NMC,"$32,688,430",$2.22,"14,736,400","$1,411,250",0.33%,3.84%,30.98%
50,EarthCoin,EAC,"$32,510,195",$0.003478,"9,346,468,332","$9,361,430",0.84%,-10.42%,202.52%
51,Lykke,LKK,"$32,345,987",$0.219214,"147,554,386*","$263,898",1.72%,8.89%,25.16%
52,BitcoinDark,BTCD,"$31,566,039",$24.49,"1,288,862","$184,865",1.78%,7.92%,47.70%
53,YbCoin,YBC,"$30,654,840",$10.15,"3,020,241*","$13,206,800",3.92%,25.26%,136.30%
54,Ark,ARK,"$30,647,861",$0.322193,"95,122,678*","$446,947",-2.90%,27.64%,60.34%
55,WeTrust,TRST,"$28,617,143",$0.310558,"92,147,500*","$1,129,800",-0.22%,38.33%,114.15%
56,Synereo,AMP,"$27,178,559",$0.330413,"82,256,324*","$1,636,960",-0.10%,22.19%,59.65%
57,Nexus,NXS,"$26,700,577",$0.538045,"49,625,175","$213,243",6.56%,13.93%,23.02%
58,Wings,WINGS,"$25,062,086",$0.279373,"89,708,333*","$387,175",0.60%,2.88%,42.22%
59,Edgeless,EDG,"$24,894,385",$0.316509,"78,653,008*","$1,343,000",1.15%,13.76%,116.94%
60,Gulden,NLG,"$24,735,468",$0.071481,"346,043,045**","$209,809",3.39%,3.45%,44.73%
61,Xaurum,XAUR,"$23,504,205",$0.206713,"113,704,533*","$138,672",-0.66%,14.94%,7.91%
62,NAV Coin,NAV,"$23,460,128",$0.384181,"61,065,300*","$1,093,110",-0.32%,9.53%,30.57%
63,TokenCard,TKN,"$22,707,870",$0.960405,"23,644,056*","$808,327",2.82%,-20.29%,40.61%
64,Burst,BURST,"$22,439,710",$0.012646,"1,774,493,282","$1,542,940",2.75%,-0.67%,49.91%
65,BitBay,BAY,"$22,347,095",$0.022181,"1,007,506,356*","$193,227",3.19%,-0.40%,45.58%
66,Humaniq,HMQ,"$22,229,167",$0.192000,"115,776,911*","$1,776,520",0.64%,23.61%,338.35%
67,PotCoin,POT,"$21,799,872",$0.100526,"216,858,050","$545,079",-0.59%,2.47%,27.34%
68,Infinitecoin,IFC,"$21,553,488",$0.000238,"90,596,274,910","$15,330,600",2.20%,-3.40%,568.58%
69,Matchpool,GUP,"$21,243,450",$0.283246,"75,000,000*","$628,553",5.50%,12.88%,75.26%
70,BlackCoin,BLK,"$20,933,123",$0.274887,"76,151,738*","$1,771,780",3.18%,5.14%,56.37%
71,Expanse,EXP,"$20,782,139",$2.90,"7,170,532","$1,161,640",9.17%,19.91%,54.38%
72,Verge,XVG,"$19,893,891",$0.001484,"13,409,472,280","$3,273,940",5.91%,50.42%,853.28%
73,MergeCoin,MGC,"$18,352,943",$0.187186,"98,046,560*","$9,406,150",7.93%,45.39%,160.15%
74,BCAP,BCAP,"$17,781,100",$1.78,"10,000,000*","$132,367",-0.10%,-2.20%,-13.78%
75,LBRY Credits,LBC,"$17,730,858",$0.258752,"68,524,524","$1,236,080",0.94%,5.29%,65.19%
76,Etheroll,DICE,"$17,478,921",$2.50,"7,001,623*","$62,001",0.34%,14.93%,210.67%
77,Pepe Cash,PEPECASH,"$17,247,817",$0.024574,"701,884,009*","$356,402",-0.46%,8.62%,143.07%
78,ZCoin,XZC,"$17,122,733",$7.89,"2,171,159","$2,451,270",1.85%,-1.78%,45.44%
79,MonaCoin,MONA,"$15,999,918",$0.319116,"50,138,250","$91,691",-1.28%,7.00%,46.99%
80,FedoraCoin,TIPS,"$15,823,364",$0.000036,"443,168,182,458","$355,194",5.96%,13.16%,277.24%
81,Ubiq,UBQ,"$15,811,105",$0.427010,"37,027,482","$276,315",9.22%,26.98%,54.69%
82,Clams,CLAM,"$15,732,249",$6.88,"2,287,818*","$1,166,840",0.04%,9.87%,68.16%
83,GridCoin,GRC,"$15,643,540",$0.040079,"390,312,753","$322,213",1.76%,9.02%,47.22%
84,Nexium,NXC,"$15,476,779",$0.232658,"66,521,586*","$630,958",1.69%,16.44%,69.36%
85,Agoras Tokens,AGRS,"$15,435,084",$0.367502,"42,000,000*","$2,971",0.57%,8.01%,11.77%
86,Radium,RADS,"$15,149,791",$4.68,"3,237,474*","$616,717",2.56%,17.26%,39.24%
87,I/O Coin,IOC,"$15,112,871",$0.925224,"16,334,283*","$69,232",2.67%,9.09%,37.99%
88,Blocknet,BLOCK,"$14,908,492",$3.81,"3,910,516*","$43,568",0.08%,14.67%,115.17%
89,OBITS,OBITS,"$14,867,297",$1.20,"12,340,361*","$163,906",0.96%,40.60%,200.09%
90,Bankcoin,B@,"$14,671,534",$3.44,"4,265,080*","$46,373",0.10%,-6.63%,58.40%
91,Vertcoin,VTC,"$14,347,561",$0.429108,"33,435,780","$1,108,620",1.25%,6.64%,30.14%
92,Swarm City,SWT,"$14,195,054",$2.23,"6,376,934*","$89,862",-1.00%,-6.62%,28.56%
93,Chronobank,TIME,"$14,164,407",$19.95,"710,113*","$620,365",2.24%,-3.68%,6.84%
94,Omni,OMNI,"$14,062,022",$25.16,"558,913*","$140,730",4.87%,4.10%,103.03%
95,SuperNET,UNITY,"$12,436,525",$15.24,"816,061*","$1,004",1.87%,43.63%,127.23%
96,TaaS,TAAS,"$12,255,740",$1.50,"8,146,001*","$267,749",4.55%,24.23%,65.03%
97,Primecoin,XPM,"$12,169,225",$0.632710,"19,233,496","$2,850,630",5.39%,2.96%,91.64%
98,HEAT,HEAT,"$12,125,300",$0.463408,"26,165,496*","$10,921",4.06%,22.67%,88.43%
99,LuckChain,BASH,"$12,123,824",$0.016754,"723,650,524","$16,928",-19.05%,38.63%,376.05%
100,E-coin,ECN,"$11,587,773",$4.33,"2,677,861","$11,879",0.51%,-4.51%,12.76%
101,DigitalNote,XDN,"$11,561,981",$0.001680,"6,880,820,979","$1,751,620",3.66%,33.84%,405.30%
102,Viacoin,VIA,"$11,490,087",$0.507815,"22,626,522","$305,921",1.02%,-4.13%,58.09%
103,Bitcrystals,BCY,"$11,482,322",$0.492935,"23,293,785*","$190,927",0.56%,2.75%,15.90%
104,Pascal Coin,PASC,"$11,366,052",$1.17,"9,697,500","$730,333",25.96%,46.53%,99.48%
105,vSlice,VSL,"$11,315,672",$0.338889,"33,390,496*","$1,011,590",0.53%,2.80%,26.60%
106,Waves Communi...,WCT,"$11,104,350",$2.22,"5,000,000*","$70,530",12.71%,17.83%,52.24%
107,VPNCoin,VASH,"$10,986,444",$0.027443,"400,339,746*","$3,451,930",1.59%,-2.23%,56.44%
108,Golos,GOLOS,"$10,246,366",$0.083471,"122,754,193","$47,654",9.52%,12.16%,170.54%
109,Creditbit,CRB,"$10,146,086",$0.801981,"12,651,280","$320,545",-0.14%,-10.41%,-4.67%
110,WorldCoin,WDC,"$9,825,039",$0.085808,"114,499,729","$460,416",9.50%,12.87%,312.63%
111,FlorinCoin,FLO,"$9,762,399",$0.072974,"133,779,869","$376,501",-1.26%,2.43%,46.99%
112,Skycoin,SKY,"$9,217,659",$1.70,"5,423,301*","$4,720",1.74%,18.75%,33.31%
113,VeriCoin,VRC,"$9,179,975",$0.303979,"30,199,372","$320,456",4.35%,15.40%,90.10%
114,Crown,CRW,"$9,059,874",$0.658901,"13,749,978","$40,860",0.01%,1.74%,-12.15%
115,Rubycoin,RBY,"$9,005,606",$0.369656,"24,362,126*","$15,251",0.56%,4.40%,17.64%
116,DNotes,NOTE,"$8,515,639",$0.076790,"110,895,736","$139,468",0.06%,6.33%,98.87%
117,Asch,XAS,"$8,381,325",$0.111751,"75,000,000","$159,989",6.57%,18.72%,76.17%
118,Unity Ingot,UNY,"$8,321,915",$0.041198,"202,000,000*","$12,625",5.26%,-80.85%,53.65%
119,NeosCoin,NEOS,"$8,212,250",$2.46,"3,334,829","$241,733",2.01%,-1.17%,6.71%
120,Einsteinium,EMC2,"$8,160,176",$0.038724,"210,727,665","$421,310",2.03%,10.25%,131.49%
121,Novacoin,NVC,"$8,117,912",$4.70,"1,727,451","$289,791",-0.98%,2.67%,15.38%
122,SolarCoin,SLR,"$7,879,321",$0.224114,"35,157,648*","$106,516",-0.96%,-6.31%,7.15%
123,Bitcoin Plus,XBC,"$7,817,387",$81.00,"96,515*","$165,234",0.29%,0.95%,25.78%
124,Lunyr,LUN,"$7,809,506",$3.40,"2,297,853*","$208,888",6.30%,12.77%,36.30%
125,BelaCoin,BELA,"$7,751,711",$0.223523,"34,679,700","$577,536",1.11%,11.47%,37.70%
126,Energycoin,ENRG,"$7,633,912",$0.063133,"120,917,941","$16,663",2.55%,34.22%,76.80%
127,ION,ION,"$7,327,492",$0.540124,"13,566,314*","$29,905",0.58%,1.87%,45.87%
128,Global Curren...,GCR,"$7,131,002",$0.069464,"102,657,226*","$24,304",-6.62%,3.08%,-14.77%
129,MonetaryUnit,MUE,"$6,933,046",$0.057392,"120,801,400","$105,440",1.49%,7.68%,49.04%
130,Shift,SHIFT,"$6,879,168",$0.636808,"10,802,578","$149,132",0.72%,8.71%,66.29%
131,SaluS,SLS,"$6,846,271",$6.82,"1,003,393*","$2,189",-2.19%,4.78%,23.52%
132,Feathercoin,FTC,"$6,778,026",$0.041621,"162,851,880","$201,049",0.32%,3.11%,56.82%
133,ZClassic,ZCL,"$6,535,995",$4.62,"1,415,125","$468,254",7.78%,43.77%,-56.06%
134,Pluton,PLU,"$6,296,949",$7.41,"850,000*","$147,593",-2.29%,-3.56%,119.73%
135,Aeon,AEON,"$6,243,732",$0.440351,"14,178,988","$29,185",2.51%,18.58%,46.49%
136,FoldingCoin,FLDC,"$6,230,547",$0.012722,"489,741,985*","$280,030",-1.72%,1.23%,73.58%
137,E-Dinar Coin,EDR,"$6,222,340",$0.024176,"257,373,526","$210,411",-1.51%,-10.88%,-22.39%
138,ICO OpenLedger,ICOO,"$6,167,869",$13.07,"471,795*","$3,391",13.91%,28.55%,502.12%
139,PinkCoin,PINK,"$6,103,075",$0.019063,"320,156,250","$450,909",0.00%,7.84%,61.71%
140,Auroracoin,AUR,"$6,054,342",$0.699266,"8,658,139**","$52,547",3.39%,-3.58%,87.42%
141,Quark,QRK,"$5,848,488",$0.023384,"250,101,047","$98,115",3.78%,-4.56%,175.12%
142,Incent,INCNT,"$5,771,129",$0.250828,"23,008,312*","$184,621",1.10%,3.32%,62.44%
143,Safe Exchange...,SAFEX,"$5,670,001",$0.002640,"2,147,483,647*","$67,031",-9.55%,8.64%,136.53%
144,XtraBYtes,XBY,"$5,536,694",$0.008518,"650,000,000*","$97,038",-1.56%,15.81%,-10.39%
145,Vcash,XVC,"$5,403,835",$0.354495,"15,243,755","$182,015",1.94%,8.22%,67.24%
146,Janus,JNS,"$5,353,050",$0.258189,"20,733,069*","$19,744",-0.75%,-22.60%,15.80%
147,Mooncoin,MOON,"$5,341,968",$0.000024,"221,920,844,565","$121,190",-34.55%,-0.40%,22.54%
148,LoMoCoin,LMC,"$5,250,033",$0.025244,"207,973,162*","$1,555,640",4.01%,19.91%,64.15%
149,AsiaCoin,AC,"$5,197,792",$0.006285,"827,004,870",$899,0.61%,17.92%,127.47%
150,Gambit,GAM,"$5,145,749",$4.35,"1,183,282*","$112,751",1.52%,-2.86%,15.03%
151,FirstCoin,FRST,"$5,061,658",$1.69,"2,990,340","$32,451",-0.04%,3.07%,19.54%
152,Megacoin,MEC,"$4,913,400",$0.149405,"32,886,450","$1,165,700",11.53%,8.83%,49.55%
153,CloakCoin,CLOAK,"$4,669,770",$0.934502,"4,997,068*","$39,362",-0.17%,-9.17%,142.31%
154,SIBCoin,SIB,"$4,552,689",$0.312871,"14,551,329","$33,320",0.04%,1.93%,6.60%
155,Bitmark,BTM,"$4,528,138",$1.16,"3,901,180","$353,905",9.14%,40.48%,133.06%
156,Darcrus,DAR,"$4,401,633",$0.323085,"13,623,762*","$35,407",-3.02%,7.36%,10.29%
157,Unobtanium,UNO,"$4,341,031",$21.96,"197,717","$38,313",-2.84%,14.63%,36.83%
158,Ethereum Movi...,EMV,"$4,234,311",$0.644819,"6,566,666*","$1,663",0.34%,9.02%,113.88%
159,ZcCoin,ZCC,"$4,175,273",$0.067718,"61,657,044","$1,683,040",11.39%,25.32%,135.84%
160,Wild Beast Block,WBB,"$4,152,054",$1.79,"2,317,576","$25,501",0.43%,0.05%,38.36%
161,BitBean,BITB,"$4,129,800",$0.002123,"1,945,028,000*","$208,579",4.81%,11.95%,519.43%
162,Zetacoin,ZET,"$4,114,901",$0.024772,"166,110,980","$875,546",4.05%,1.82%,458.15%
163,bitCNY,BITCNY,"$4,099,507",$0.135761,"30,196,500*","$564,259",-1.88%,-2.52%,-3.05%
164,NautilusCoin,NAUT,"$4,017,785",$0.248318,"16,180,000*","$438,173",1.88%,-0.93%,36.54%
165,Riecoin,RIC,"$3,986,487",$0.117435,"33,946,325","$915,456",5.55%,9.95%,73.53%
166,FairCoin,FAIR,"$3,854,974",$0.072610,"53,091,427*","$10,671",0.53%,19.33%,34.35%
167,Cryptonite,XCN,"$3,684,968",$0.011326,"325,354,753","$246,082",8.99%,6.58%,87.52%
168,PoSW Coin,POSW,"$3,604,503",$0.087915,"41,000,000*","$63,591",-1.73%,2.65%,-0.85%
169,Circuits of V...,COVAL,"$3,580,248",$0.008951,"400,000,000*","$229,763",1.72%,63.90%,209.12%
170,Curecoin,CURE,"$3,479,814",$0.131655,"26,431,310**","$7,701",0.03%,5.91%,80.56%
171,ArtByte,ABY,"$3,473,491",$0.004509,"770,394,050**","$154,361",1.04%,54.36%,276.53%
172,Musicoin,MUSIC,"$3,408,770",$0.021418,"159,155,924","$670,282",-3.43%,-18.57%,223.14%
173,MUSE,MUSE,"$3,369,487",$0.002451,"1,374,840,478*","$4,528",23.37%,-30.48%,-1.94%
174,Bitland,CADASTRAL,"$3,360,600",$0.112020,"30,000,000*","$49,865",-9.48%,40.31%,185.18%
175,SpreadCoin,SPR,"$3,292,654",$0.407462,"8,080,885","$8,604",0.45%,2.06%,26.45%
176,Diamond,DMD,"$3,285,096",$1.56,"2,111,801","$16,459",2.32%,16.88%,77.18%
177,Tickets,TIX,"$3,192,934",$0.000048,"66,876,281,414","$272,796",8.22%,13.34%,362.42%
178,Zennies,ZENI,"$3,064,544",$0.003062,"1,000,673,851*","$12,553",1.72%,6.26%,32.80%
179,BitSend,BSD,"$3,031,176",$0.200039,"15,152,925","$28,797",4.99%,-5.57%,98.00%
180,Myriad,XMY,"$3,029,830",$0.002042,"1,484,002,996","$305,928",0.25%,48.71%,270.02%
181,Sphere,SPHR,"$2,988,143",$0.969251,"3,082,940*","$14,246",1.06%,1.61%,-10.97%
182,Mintcoin,MINT,"$2,906,874",$0.000119,"24,331,817,657*","$38,408",0.21%,45.82%,221.60%
183,Espers,ESP,"$2,825,979",$0.000141,"20,093,851,111","$36,819",10.17%,54.21%,169.37%
184,Adzcoin,ADZ,"$2,811,966",$0.051318,"54,794,920","$9,181",-1.68%,6.54%,60.58%
185,iCash,ICASH,"$2,800,099",$0.012706,"220,377,880","$22,368",-5.56%,-31.73%,-2.09%
186,DubaiCoin,DBIX,"$2,782,568",$3.22,"865,157","$22,016",1.35%,14.81%,23.16%
187,MaxCoin,MAX,"$2,741,771",$0.050361,"54,442,678","$970,701",0.70%,43.40%,331.40%
188,Jinn,JINN,"$2,733,693",$46.57,"58,703*","$9,826",1.67%,-18.26%,-17.02%
189,RaiBlocks,XRB,"$2,646,765",$0.037106,"71,330,427","$55,840",1.53%,51.85%,132.78%
190,Steem Dollars,SBD,"$2,591,871",$2.05,"1,264,839*","$126,952",-0.70%,2.74%,22.11%
191,BoostCoin,BOST,"$2,563,702",$0.216246,"11,855,487","$394,974",4.49%,2.12%,51.99%
192,TransferCoin,TX,"$2,427,019",$0.407085,"5,961,947*","$17,897",1.42%,-4.81%,24.68%
193,Atmos,ATMS,"$2,333,473",$0.023320,"100,061,889*","$17,970",0.82%,17.08%,15.77%
194,Groestlcoin,GRS,"$2,240,357",$0.033167,"67,548,187","$3,868",3.69%,3.24%,44.43%
195,HunterCoin,HUC,"$2,234,785",$0.127600,"17,513,990","$136,034",1.01%,12.08%,62.84%
196,Spectrecoin,XSPEC,"$2,196,559",$0.107828,"20,370,952*","$23,023",5.61%,6.63%,114.95%
197,Veros,VRS,"$2,150,262",$0.025153,"85,486,938*","$64,888",0.11%,4.23%,66.74%
198,Voxels,VOX,"$2,115,880",$0.067171,"31,500,000*","$2,937,670",-7.39%,61.62%,408.81%
199,GoldCoin,GLD,"$2,115,098",$0.052570,"40,233,624","$7,595",0.88%,17.92%,25.88%
200,Rise,RISE,"$2,096,703",$0.019525,"107,387,215*","$33,802",-0.01%,11.53%,59.16%
201,Creativecoin,CREA,"$2,074,044",$0.251068,"8,260,884","$23,303",1.91%,23.99%,248.30%
202,OKCash,OK,"$2,064,205",$0.028864,"71,514,127*","$29,281",0.03%,-5.57%,30.35%
203,BlockPay,BLOCKPAY,"$2,016,353",$0.371452,"5,428,300*","$15,289",-0.68%,2.05%,20.97%
204,Project Decorum,PDC,"$1,949,270",$0.038985,"50,000,000*","$3,917",1.96%,8.47%,33.36%
205,FUNCoin,FUNC,"$1,930,492",$0.305637,"6,316,290*","$53,082",-12.67%,-9.39%,115.63%
206,Visio,VISIO,"$1,864,395",$0.036887,"50,543,287*",$857,2.33%,13.87%,36.63%
207,NuShares,NSR,"$1,838,502",$0.000680,"2,702,268,334*","$36,427",17.67%,15.82%,416.59%
208,Boolberry,XBB,"$1,815,280",$0.190431,"9,532,480","$11,134",-0.92%,14.68%,61.72%
209,Bata,BTA,"$1,796,169",$0.362992,"4,948,232","$17,794",0.85%,-2.51%,75.17%
210,SecureCoin,SRC,"$1,758,981",$0.226405,"7,769,181","$672,379",10.25%,14.52%,75.71%
211,TagCoin,TAG,"$1,731,263",$0.316387,"5,471,979","$398,197",6.34%,10.13%,56.80%
212,Zeitcoin,ZEIT,"$1,719,351",$0.000047,"36,209,358,981","$5,264",0.61%,32.62%,175.82%
213,Startcoin,START,"$1,718,135",$0.038113,"45,079,785**","$72,637",1.90%,14.19%,95.77%
214,2GIVE,2GIVE,"$1,596,737",$0.003113,"512,931,911","$76,215",-4.89%,-3.49%,164.28%
215,vTorrent,VTR,"$1,523,072",$0.140817,"10,815,966","$28,997",0.57%,24.95%,15.09%
216,DeepWebCash,DWC,"$1,510,660",$1.19,"1,271,300","$86,258",-0.57%,-29.27%,-20.85%
217,Breakout,BRK,"$1,482,723",$0.082877,"17,890,647","$11,802",2.97%,5.32%,59.50%
218,bitUSD,BITUSD,"$1,416,918",$0.994517,"1,424,730*","$119,113",-1.30%,1.00%,1.94%
219,Blitzcash,BLITZ,"$1,416,256",$0.348691,"4,061,637*","$11,963",2.13%,31.30%,129.57%
220,Breakout Stake,BRX,"$1,410,080",$0.224962,"6,268,082*",$898,-5.56%,3.32%,42.34%
221,ChainCoin,CHC,"$1,395,729",$0.095531,"14,610,178","$4,851",27.66%,61.58%,38.70%
222,Ixcoin,IXC,"$1,307,317",$0.062256,"20,999,088*","$17,675",-4.01%,35.84%,102.10%
223,NewYorkCoin,NYC,"$1,273,964",$0.000021,"59,719,935,819","$1,454",3.00%,250.63%,57799.30%
224,ArcticCoin,ARC,"$1,269,339",$0.054555,"23,266,933","$5,894",0.59%,-14.68%,5.21%
225,Triggers,TRIG,"$1,267,786",$0.039488,"32,105,593*","$3,312",0.57%,6.73%,46.14%
226,Sequence,SEQ,"$1,259,507",$0.028192,"44,676,054","$2,839",7.11%,7.92%,30.68%
227,GlobalCoin,GLC,"$1,252,424",$0.019217,"65,171,010","$1,015",5.36%,-24.04%,-0.56%
228,AudioCoin,ADC,"$1,252,016",$0.001578,"793,198,644","$3,138",7.84%,3.07%,60.36%
229,Stealthcoin,XST,"$1,237,750",$0.047386,"26,120,799","$9,729",0.95%,-4.33%,127.62%
230,Dynamic,DYN,"$1,230,329",$0.765302,"1,607,638*","$5,819",5.66%,4.66%,14.51%
231,DopeCoin,DOPE,"$1,225,544",$0.011033,"111,082,828","$94,861",-6.78%,-4.78%,219.57%
232,Inpay,INPAY,"$1,198,280",$0.119828,"10,000,000*","$46,480",0.80%,-7.90%,3.02%
233,CageCoin,CAGE,"$1,188,839",$0.000012,"101,168,328,395",$782,4.64%,42.17%,16.78%
234,Mediterranean...,MED,"$1,165,521",$0.023453,"49,694,968","$41,065",-0.57%,-7.29%,63.00%
235,HempCoin,THC,"$1,160,888",$0.005480,"211,823,061","$67,661",3.61%,-5.72%,181.68%
236,Mercury,MER,"$1,155,950",$0.011560,"100,000,000*","$42,451",2.36%,5.15%,12.27%
237,HiCoin,XHI,"$1,145,058",$0.006035,"189,729,990","$132,611",-1.87%,-8.84%,84.65%
238,RouletteToken,RLT,"$1,073,450",$0.429380,"2,500,000*","$18,121",-0.01%,2.77%,?
239,VeriumReserve,VRM,"$1,044,674",$0.951331,"1,098,119","$9,208",3.40%,17.84%,109.59%
240,Minereum,MNE,"$1,041,224",$3.12,"333,390*","$40,682",1.52%,6.53%,1222.28%
241,EuropeCoin,ERC,"$1,033,095",$0.105062,"9,833,189*","$2,018",0.34%,11.50%,57.07%
242,Hacker Gold,HKG,"$1,031,365",$0.064017,"16,110,893*","$8,731",3.14%,5.71%,18.28%
243,CryptoCarbon,CCRB,"$1,031,178",$0.289485,"3,562,111*","$1,154",17.57%,-13.79%,-18.17%
244,Pesetacoin,PTC,"$1,029,899",$0.007897,"130,412,911","$11,920",-3.32%,9.86%,121.61%
245,PutinCoin,PUT,"$993,265",$0.004956,"200,408,616","$24,566",1.63%,-15.20%,7.38%
246,Centurion,CNT,"$973,630",$0.037840,"25,729,904","$82,355",-4.19%,13.00%,13.30%
247,e-Gulden,EFL,"$948,461",$0.061847,"15,335,555**","$8,569",4.09%,13.47%,22.03%
248,EverGreenCoin,EGC,"$918,669",$0.068968,"13,320,265","$58,065",0.39%,17.26%,79.21%
249,ShadowCash,SDC,"$908,747",$0.136366,"6,664,026*","$4,510",-1.22%,-5.35%,-10.58%
250,Yocoin,YOC,"$907,297",$0.008590,"105,618,830*","$8,671",-0.91%,-5.85%,-56.23%
251,Digitalcoin,DGC,"$887,411",$0.025805,"34,389,793","$33,827",-0.62%,-1.29%,-53.74%
252,TileCoin,XTC,"$848,580",$0.008486,"100,000,000*","$43,962",1.77%,11.06%,146.51%
253,HTMLCOIN,HTML5,"$829,847",$0.000020,"40,659,020,000","$8,531",13.54%,12.35%,454.54%
254,Bitswift,SWIFT,"$811,265",$0.199794,"4,060,508*","$1,548",-5.93%,-0.72%,63.52%
255,ExclusiveCoin,EXCL,"$789,372",$0.193659,"4,076,094","$8,614",1.91%,2.89%,46.55%
256,BTSR,BTSR,"$779,463",$0.235429,"3,310,819*","$2,511",14.79%,-6.58%,152.64%
257,WhiteCoin,XWC,"$741,060",$0.002417,"306,584,146","$34,875",-1.39%,4.12%,49.99%
258,Renos,RNS,"$740,494",$0.022203,"33,350,633*","$75,832",0.73%,4.24%,45.25%
259,Qwark,QWARK,"$740,442",$0.043556,"16,999,571*","$11,070",1.99%,0.53%,34.21%
260,Hush,HUSH,"$738,729",$0.671030,"1,100,888","$83,723",-0.70%,-0.87%,178.44%
261,Unitus,UIS,"$737,500",$0.015897,"46,392,120","$260,062",-3.73%,23.00%,48.73%
262,CannabisCoin,CANN,"$735,709",$0.009526,"77,231,176","$12,564",1.07%,4.61%,97.24%
263,Syndicate,SYNX,"$687,806",$0.061036,"11,268,860*","$4,495",0.80%,6.88%,49.34%
264,TrustPlus,TRUST,"$683,432",$0.021300,"32,086,595*","$12,824",0.68%,22.40%,61.24%
265,Fantomcoin,FCN,"$682,784",$0.117267,"5,822,473","$2,169",1.28%,2.45%,39.14%
266,Synergy,SNRG,"$673,758",$0.244763,"2,752,696*","$2,755",-2.04%,8.79%,36.16%
267,LiteDoge,LDOGE,"$652,092",$0.000044,"14,768,656,159*","$18,650",-29.20%,154.80%,827.81%
268,Elcoin,EL,"$645,623",$0.057599,"11,208,967*","$4,584",7.82%,-17.25%,-28.13%
269,Tokes,TKS,"$643,860",$0.994188,"647,624*","$11,549",6.19%,1.54%,50.04%
270,Moin,MOIN,"$609,862",$0.087957,"6,933,674*","$2,010",-0.19%,-14.18%,69.24%
271,Magi,XMG,"$608,671",$0.086530,"7,034,238","$6,035",1.04%,5.74%,78.97%
272,Asiadigicoin,ADCN,"$591,881",$0.023741,"24,931,054","$11,483",0.57%,0.62%,-16.32%
273,PepeCoin,PEPE,"$586,324",$0.043089,"13,607,378","$46,998",13.25%,-10.55%,100.11%
274,Virtacoinplus,XVP,"$582,549",$0.066306,"8,785,719","$4,888",6.03%,72.58%,105.42%
275,GeoCoin,GEO,"$580,749",$0.236550,"2,455,079","$1,640",1.51%,1.07%,17.87%
276,CasinoCoin,CSC,"$552,433",$0.014311,"38,601,187","$16,420",1.86%,-3.56%,-0.75%
277,Deutsche eMark,DEM,"$550,190",$0.019796,"27,793,416","$3,166",-0.34%,9.20%,53.29%
278,DubaiCoin,DBIC,"$533,515",$0.104019,"5,129,014","$2,632",4.90%,-33.49%,-15.80%
279,FujiCoin,FJC,"$526,684",$0.000553,"951,885,143","$9,817",1.14%,17.71%,1139.72%
280,Altcoin,ALT,"$526,519",$4.31,"122,175*","$19,288",0.55%,5.70%,1.06%
281,Ripto Bux,RBX,"$501,276",$0.002199,"227,950,009*","$8,893",-0.58%,4.26%,78.32%
282,ProCurrency,PROC,"$496,599",$0.176399,"2,815,205*","$2,274",0.58%,-3.51%,29.65%
283,Mineum,MNM,"$469,433",$0.049747,"9,436,367",$660,0.82%,10.72%,23.35%
284,NobleCoin,NOBL,"$462,813",$0.000202,"2,290,902,392","$17,447",-9.63%,71.51%,273.61%
285,KoreCoin,KORE,"$462,591",$0.252651,"1,830,949*","$18,089",0.44%,-12.16%,16.51%
286,DT Token,DRACO,"$448,795",$0.005049,"88,888,888*","$25,139",2.99%,30.98%,111.27%
287,Rimbit,RBT,"$447,060",$0.003871,"115,499,623*","$2,104",-0.28%,5.04%,77.51%
288,Capricoin,CPC,"$439,485",$0.448964,"978,887*","$27,477",-1.52%,-1.51%,17.91%
289,TrumpCoin,TRUMP,"$406,872",$0.062235,"6,537,647","$1,747",1.27%,-1.30%,-3.30%
290,Terracoin,TRC,"$405,660",$0.020307,"19,976,640","$4,190",-4.27%,9.87%,50.18%
291,1337,1337,"$402,409",$0.000018,"22,403,594,322*","$1,041",9.40%,72.61%,249.49%
292,I0Coin,I0C,"$395,532",$0.018859,"20,973,663","$2,247",0.48%,3.49%,34.16%
293,BitBar,BTB,"$391,121",$12.05,"32,445","$3,275",0.44%,9.15%,51.35%
294,Wyvern,WYV,"$390,208",$0.364678,"1,070,006*","$2,665",-0.17%,6.54%,35.62%
295,PostCoin,POST,"$380,121",$0.024096,"15,775,332*","$7,758",-1.72%,4.00%,29.00%
296,UniBURST,UNIBURST,"$364,485",$0.364485,"999,999*",$633,1.38%,37.40%,-1.52%
297,YashCoin,YASH,"$348,246",$0.034824,"10,000,107*",$904,1.32%,0.73%,19.13%
298,Master Swiscoin,MSCN,"$342,860",$0.034189,"10,028,480*","$15,087",-13.35%,47.89%,35.51%
299,Karbowanec,KRB,"$340,500",$0.098272,"3,464,877","$9,148",-0.80%,4.06%,92.29%
300,TeslaCoin,TES,"$339,844",$0.004738,"71,722,733","$20,931",-1.42%,-12.59%,61.88%
301,Jewels,JWL,"$339,502",$0.016832,"20,170,414*","$5,073",-3.71%,-3.57%,11.44%
302,Atomic Coin,ATOM,"$329,902",$0.032919,"10,021,462","$2,917",1.84%,14.33%,15.60%
303,Quatloo,QTL,"$324,905",$0.043822,"7,414,276","$1,491",-0.72%,2.86%,40.34%
304,ParkByte,PKB,"$315,247",$0.066172,"4,764,026*","$1,530",0.45%,17.50%,53.48%
305,HOdlcoin,HODL,"$304,645",$0.003398,"89,644,785",$963,0.57%,107.24%,33.55%
306,Bytecent,BYC,"$294,239",$0.182913,"1,608,626","$10,461",1.11%,10.40%,-32.26%
307,Rubies,RBIES,"$285,754",$0.027559,"10,368,831*","$1,635",-0.23%,4.14%,54.69%
308,Torcoin,TOR,"$281,956",$1.12,"250,684","$9,773",0.64%,27.87%,0.32%
309,Zoin,ZOI,"$281,159",$0.026746,"10,512,150","$4,390",-13.93%,-30.22%,172.08%
310,Neutron,NTRN,"$276,138",$0.021885,"12,617,684*","$6,286",1.41%,76.99%,466.92%
311,MazaCoin,MZC,"$269,739",$0.000247,"1,092,618,137","$1,239",-0.29%,7.98%,64.60%
312,Veltor,VLT,"$265,538",$0.478571,"554,855","$1,747",0.57%,6.36%,-2.71%
313,Kobocoin,KOBO,"$248,109",$0.010045,"24,700,248*","$3,712",-5.91%,17.14%,167.53%
314,Influxcoin,INFX,"$239,496",$0.143121,"1,673,383","$20,870",8.18%,6.41%,87.12%
315,Dotcoin,DOT,"$236,524",$0.001062,"222,738,500*","$44,745",2.47%,5.84%,34.73%
316,VirtualCoin,VC,"$232,430",$0.023095,"10,064,287",$756,30.26%,96.76%,426.67%
317,PRCoin,PRC,"$219,024",$0.023920,"9,156,400**","$15,005",0.56%,6.45%,8.79%
318,Pesobit,PSB,"$218,606",$0.006701,"32,622,833*","$1,349",0.57%,9.87%,-11.50%
319,TheGCCcoin,GCC,"$216,573",$0.031590,"6,855,651*","$19,483",-5.18%,-3.44%,-34.76%
320,8Bit,8BIT,"$215,078",$0.184709,"1,164,415*","$2,534",0.57%,13.83%,56.82%
321,LiteBar,LTB,"$214,536",$0.336491,"637,567","$3,608",0.45%,14.54%,12.32%
322,Piggycoin,PIGGY,"$213,216",$0.000441,"483,638,728",$896,18.17%,37.81%,112.59%
323,Sexcoin,SXC,"$209,341",$0.001711,"122,360,689","$2,198",1.11%,4.69%,51.62%
324,NuBits,USNBT,"$200,564",$1.02,"196,772*","$275,624",-0.14%,4.26%,-0.07%
325,bitBTC,BITBTC,"$194,710",$2491.80,78.1402*,"$35,683",1.10%,6.63%,31.11%
326,Netko,NETKO,"$190,476",$0.086318,"2,206,680",$775,0.46%,10.37%,31.06%
327,NetCoin,NET,"$188,975",$0.000240,"787,126,712",$975,-2.88%,-1.98%,139.98%
328,MTMGaming,MTM,"$187,287",$0.062429,"3,000,000*","$1,992",1.38%,16.86%,-11.36%
329,Pascal Lite,PASL,"$184,569",$0.099270,"1,859,250","$62,714",17.58%,44.94%,69.37%
330,MojoCoin,MOJO,"$182,771",$0.015165,"12,052,322*","$2,867",0.41%,14.11%,80.23%
331,Cannacoin,CCN,"$179,876",$0.038291,"4,697,547","$1,903",14.49%,37.69%,282.96%
332,GoldBlocks,GB,"$175,411",$0.011818,"14,842,110",$668,0.54%,12.35%,43.35%
333,UnbreakableCoin,UNB,"$168,993",$0.074180,"2,278,150","$6,961",0.56%,-2.50%,85.71%
334,PipCoin,PIP,"$168,354",$0.025612,"6,573,177","$3,009",0.76%,6.29%,40.17%
335,GCoin,GCN,"$164,661",$0.000002,"88,621,910,000","$4,590",-5.94%,-33.51%,212.46%
336,Zero,ZER,"$153,216",$0.225010,"680,930",$966,0.71%,17.84%,17.28%
337,Fastcoin,FST,"$150,368",$0.001186,"126,764,507",$641,0.64%,5.83%,109.71%
338,Eryllium,ERY,"$142,545",$0.033193,"4,294,439","$26,125",-2.20%,-3.78%,19.02%
339,Machinecoin,MAC,"$133,072",$0.006821,"19,510,175","$5,449",-0.59%,1.80%,9.33%
340,Xiaomicoin,MI,"$131,548",$0.000324,"406,141,855*","$1,879",-10.21%,54.06%,-29.17%
341,PureVidz,VIDZ,"$125,933",$0.001006,"125,172,878*","$5,872",0.56%,4.25%,17.27%
342,DigitalPrice,DP,"$124,174",$0.005502,"22,570,751",$913,-3.29%,13.72%,55.33%
343,Crave,CRAVE,"$122,676",$0.098165,"1,249,695*",$920,0.57%,68.50%,-42.44%
344,Digital Rupees,DRS,"$122,246",$0.000239,"510,802,961*","$2,606",0.57%,-27.76%,9.70%
345,Coin(O),CNO,"$115,844",$0.001125,"102,990,242","$8,164",1.65%,-6.11%,15.16%
346,HyperStake,HYP,"$114,754",$0.000297,"385,796,097*","$3,997",-9.69%,-7.20%,38.19%
347,42-coin,42,"$113,518",$2702.80,41.999999,"$4,994",-0.15%,0.96%,110.97%
348,C-Bit,XCT,"$113,272",$0.000862,"131,474,000","$1,217",-8.36%,-25.54%,-14.21%
349,Sterlingcoin,SLG,"$111,413",$0.028706,"3,881,156","$2,348",-9.22%,-18.30%,-24.58%
350,Darsek,KED,"$109,313",$0.011189,"9,769,241",$789,8.26%,-26.27%,97.90%
351,Newbium,NEWB,"$97,643",$0.004068,"24,000,000*","$2,863",0.57%,34.82%,?
352,Coin2.1,C2,"$93,706",$0.000937,"99,976,323*",$897,-9.02%,-14.61%,58.95%
353,GlobalBoost-Y,BSTY,"$91,584",$0.008035,"11,398,430","$38,042",-0.75%,16.67%,84.76%
354,Cryptojacks,CJ,"$91,277",$0.000225,"406,568,581","$1,319",1.29%,-20.35%,57.67%
355,CrevaCoin,CREVA,"$91,059",$0.002502,"36,390,750","$15,586",-2.56%,6.15%,-6.48%
356,TittieCoin,TTC,"$88,860",$0.000071,"1,259,816,434",$506,-0.79%,14.75%,94.98%
357,Ratecoin,XRA,"$86,002",$0.000814,"105,706,080*","$43,129",3.50%,3.49%,77.61%
358,bitEUR,BITEUR,"$84,853",$1.12,"75,559*","$28,568",1.80%,0.69%,5.68%
359,bitSilver,BITSILVER,"$80,878",$18.05,"4,481*","$3,842",1.19%,-17.78%,-2.56%
360,SixEleven,611,"$79,681",$0.193850,"411,044","$1,047",0.57%,95.15%,?
361,Kurrent,KURT,"$79,524",$0.008017,"9,919,485",$662,0.39%,-1.61%,18.96%
362,Acoin,ACOIN,"$78,601",$0.064422,"1,220,085","$17,679",5.41%,18.44%,147.32%
363,Freicoin,FRC,"$70,095",$0.002513,"27,894,246","$16,980",0.45%,-20.09%,37.54%
364,Hexx,HXX,"$64,876",$0.048508,"1,337,433*","$1,040",0.04%,5.97%,25.90%
365,HoboNickels,HBN,"$60,155",$0.001268,"47,425,837","$6,839",-10.37%,-14.66%,64.59%
366,Solaris,XLR,"$59,332",$0.392760,"151,064",$564,-2.29%,283.02%,317.22%
367,RevolverCoin,XRE,"$58,855",$0.002704,"21,763,132",$725,1.35%,12.51%,79.87%
368,Blakecoin,BLC,"$58,151",$0.004882,"11,910,789","$27,833",0.85%,7.01%,54.30%
369,Gapcoin,GAP,"$57,001",$0.005265,"10,826,304","$16,967",-0.27%,0.74%,15.90%
370,Wexcoin,WEX,"$55,360",$0.340120,"162,767*","$1,263",0.45%,-5.44%,-8.01%
371,808Coin,808,"$54,785",$0.000310,"176,445,941",$620,5.28%,9.64%,28.59%
372,Spots,SPT,"$49,375",$0.002204,"22,406,021",$947,-10.80%,75.14%,-63.00%
373,BumbaCoin,BUMBA,"$49,305",$0.002250,"21,916,814",$681,78.36%,-64.65%,203.05%
374,Universe,UNI,"$49,300",$0.018320,"2,691,111*",$884,0.46%,13.32%,-7.71%
375,GoldPieces,GP,"$48,678",$0.039895,"1,220,161*",$876,0.72%,25.13%,120.54%
376,LevoPlus,LVPS,"$48,119",$0.123125,"390,810","$4,428",-20.05%,-41.77%,-20.56%
377,Independent M...,IMS,"$45,354",$0.008447,"5,368,934","$1,307",1.78%,15.64%,4.46%
378,NevaCoin,NEVA,"$44,598",$0.025097,"1,777,005","$16,822",5.49%,8.40%,50.80%
379,bitGold,BITGOLD,"$41,862",$1347.99,31.055*,"$1,364",-1.35%,-2.77%,-2.98%
380,Philosopher S...,PHS,"$35,696",$0.014694,"2,429,219*","$1,719",0.44%,8.58%,-11.11%
381,PIECoin,PIE,"$34,476",$0.000479,"71,980,329*","$4,472",0.57%,45.05%,227.68%
382,Joulecoin,XJO,"$33,076",$0.001030,"32,119,776","$1,530",-1.81%,8.23%,41.53%
383,ParallelCoin,DUO,"$31,849",$0.110787,"287,479","$5,569",0.56%,37.56%,98.53%
384,PayCon,CON,"$30,590",$0.001328,"23,042,604*","$2,819",12.91%,20.71%,116.28%
385,BeaverCoin,BVC,"$29,151",$0.009357,"3,115,258","$1,917",-0.05%,-4.35%,38.32%
386,Marijuanacoin,MAR,"$28,758",$0.055020,"522,690","$14,357",3.35%,29.45%,219.97%
387,MiloCoin,MILO,"$28,757",$0.002815,"10,216,162","$1,147",-32.62%,-26.65%,-40.65%
388,Solarflarecoin,SFC,"$28,301",$0.003087,"9,167,000","$38,467",-6.00%,16.15%,133.10%
389,Scorecoin,SCORE,"$27,287",$0.001640,"16,636,760",$868,0.58%,49.56%,330.10%
390,X-Coin,XCO,"$27,269",$0.002202,"12,384,976*","$2,442",-0.51%,-15.36%,41.50%
391,Eurocoin,EUC,"$19,866",$0.001701,"11,677,425","$2,145",1.27%,0.41%,29.13%
392,Luna Coin,LUNA,"$18,974",$0.015459,"1,227,386",$710,0.65%,-3.98%,39.25%
393,Bitvolt,VOLT,"$17,360",$0.001149,"15,112,554*","$2,525",2.71%,3.30%,102.72%
394,SongCoin,SONG,"$16,367",$0.000503,"32,565,300","$3,363",0.57%,-4.46%,11.13%
395,Kittehcoin,MEOW,"$15,325",$6.4e-07,"23,905,669,976","$6,549",-0.49%,12.41%,220.80%
396,Cabbage,CAB,"$11,308",$0.001077,"10,499,996*",$963,0.57%,23.33%,51.14%
397,Ebittree Coin,EBT,"$9,122",$0.010769,"847,020","$2,814",0.57%,-19.56%,-20.45%
398,BenjiRolls,BENJI,"$9,007",$0.000479,"18,818,184","$3,666",-15.30%,-18.68%,102.59%
399,Beatcoin,XBTS,"$8,632",$0.005662,"1,524,686","$4,869",0.27%,22.10%,21.36%
400,Argus,ARGUS,"$7,815",$0.006806,"1,148,324",$621,-0.45%,16.55%,89.58%
401,High Voltage,HVCO,"$7,080",$0.004739,"1,494,171*",$647,0.57%,-14.23%,3.74%
402,Vector,VEC2,"$6,052",$0.000383,"15,805,658",$780,0.57%,-89.97%,-68.72%
403,AllSafe,ASAFE,"$1,373",$0.000002,"710,000,000*","$2,547",-24.48%,-87.26%,-24.68%
404,Powercoin,PWR,"$1,196",$0.000024,"49,983,870",$503,0.45%,6.54%,30.99%
405,SwapToken,TOKEN,$368,$0.000010,"35,110,531*",$659,7.43%,2744.41%,-42.57%
406,Gold Pressed ...,GPL,?,$0.174034,?,"$8,010",1.01%,27.87%,48.64%
407,SnakeEyes,SNAKE,?,$0.089671,?*,"$4,501",-1.26%,-13.21%,-42.55%
408,Scotcoin,SCOT,"$10,104,300",$0.010104,"1,000,000,000*",Low Vol,0.49%,?,?
409,Arcade Token,ARC,"$9,054,030",$2.88,"3,145,333*",Low Vol,0.34%,?,47.46%
410,GetGems,GEMZ,"$4,022,108",$0.045641,"88,125,475*",Low Vol,?,?,58.28%
411,InstantDEX,DEX,"$2,878,760",$2.88,"1,000,000*",Low Vol,1.67%,17.57%,123.05%
412,Bitpark Coin,BPC,"$1,495,162",$0.019935,"75,000,000*",Low Vol,0.57%,52.29%,37.06%
413,InsaneCoin,INSANE,"$1,251,554",$0.068240,"18,340,575",Low Vol,-1.00%,13.08%,-16.39%
414,Pangea Poker,PANGEA,"$1,003,660",$1.00,"999,352*",?,?,?,?
415,Woodcoin,LOG,"$836,504",$0.104105,"8,035,193",Low Vol,0.45%,6.54%,16.31%
416,Pandacoin,PND,"$778,150",$0.000024,"32,514,916,898",Low Vol,0.45%,6.54%,30.99%
417,Carboncoin,CARBON,"$736,724",$0.000048,"15,391,926,901",Low Vol,0.45%,6.54%,161.83%
418,Ultimate Secu...,USC,"$735,172",$0.071078,"10,343,113",Low Vol,-0.04%,60.45%,8.70%
419,SATOSHICARD,SATOSHICARD,"$639,462",$3197.31,200*,Low Vol,?,?,?
420,E-Currency Coin,ECC,"$527,934",$0.000024,"22,059,678,241",Low Vol,0.45%,6.54%,?
421,ReeCoin,REE,"$495,776",$0.040086,"12,367,704",Low Vol,0.45%,-24.29%,-37.13%
422,Tao,XTO,"$490,240",$0.016176,"30,307,386",Low Vol,0.54%,27.98%,21.20%
423,Colossuscoin V2,CV2,"$465,719",$0.000021,"22,156,737,891*",Low Vol,1.23%,11.84%,35.19%
424,Dashcoin,DSH,"$463,169",$0.026786,"17,291,579",Low Vol,-0.35%,16.90%,44.09%
425,Canada eCoin,CDN,"$444,603",$0.004564,"97,415,544",Low Vol,0.99%,-1.92%,15.53%
426,LTBcoin,LTBC,"$381,428",$0.000772,"493,863,915*",Low Vol,?,?,?
427,Orbitcoin,ORB,"$366,056",$0.124127,"2,949,040",Low Vol,0.48%,6.13%,30.89%
428,RussiaCoin,RC,"$363,841",$0.044282,"8,216,446",Low Vol,-3.61%,14.35%,41.07%
429,Rare Pepe Party,RAREPEPEPRTY,"$363,757",$20.21,"18,000*",Low Vol,0.26%,17.61%,?
430,Trollcoin,TROLL,"$341,393",$0.000617,"553,115,942",Low Vol,0.51%,-5.78%,77.44%
431,SmartCoin,SMC,"$331,502",$0.014507,"22,851,518",Low Vol,0.85%,5.37%,-10.35%
432,Casino,CASINO,"$321,604",$0.321604,"1,000,000*",Low Vol,1.38%,-58.51%,-63.56%
433,SwagBucks,BUCKS,"$286,968",$1.42,"201,593",Low Vol,-1.06%,2.33%,30.67%
434,BlueCoin,BLU,"$274,515",$0.000478,"574,683,675",Low Vol,1.77%,8.29%,30.21%
435,Tattoocoin (S...,TSE,"$271,246",$0.002373,"114,301,726*",Low Vol,0.10%,44.88%,82.56%
436,HitCoin,HTC,"$263,165",$0.000024,"10,996,318,099**",Low Vol,-33.00%,6.54%,31.11%
437,Cryptofund,FUND,"$254,008",$0.254008,"1,000,000*",Low Vol,1.87%,?,-81.87%
438,The Cypherfunks,FUNK,"$245,789",$0.000006,"44,032,495,000",Low Vol,0.87%,-30.19%,128.24%
439,Shorty,SHORTY,"$241,715",$0.002417,"100,000,000*",Low Vol,0.45%,-27.29%,-44.41%
440,Anoncoin,ANC,"$236,159",$0.111907,"2,110,317",Low Vol,0.37%,8.61%,118.70%
441,BTCtalkcoin,TALK,"$235,057",$0.003600,"65,290,635",Low Vol,0.45%,6.85%,-15.40%
442,Crypto Bullion,CBX,"$225,665",$0.226709,"995,394",Low Vol,0.57%,11.47%,98.31%
443,Bitcurrency,BTCR,"$215,974",$0.001289,"167,548,892*",Low Vol,0.45%,-7.31%,13.32%
444,PayCoin,XPY,"$206,863",$0.017686,"11,696,496**",Low Vol,0.45%,53.97%,69.32%
445,Titcoin,TIT,"$193,796",$0.003884,"49,898,202",Low Vol,0.17%,67.42%,200.05%
446,BritCoin,BRIT,"$191,605",$0.009009,"21,268,092",Low Vol,?,-1.10%,?
447,BillaryCoin,BLRY,"$184,673",$0.020558,"8,983,158",Low Vol,0.45%,-15.21%,39.43%
448,Vault Coin,VLTC,"$183,300",$0.006174,"29,688,560",Low Vol,-1.81%,-36.54%,-43.04%
449,Dollarcoin,DLC,"$182,500",$0.020040,"9,106,714",Low Vol,0.45%,?,283.51%
450,CoExistCoin,COXST,"$181,624",$0.006692,"27,138,905",Low Vol,0.57%,106.86%,900.38%
451,IncaKoin,NKA,"$178,766",$0.000024,"7,469,716,668",Low Vol,0.45%,-46.73%,30.99%
452,Bitz,BITZ,"$176,243",$0.088525,"1,990,891",Low Vol,0.45%,6.54%,?
453,NeuCoin,NEU,"$168,945",$0.000085,"1,990,764,588*",Low Vol,?,-0.37%,41.09%
454,Tristar Coin,TSTR,"$168,458",$0.033505,"5,027,857",Low Vol,0.57%,-24.10%,20.64%
455,LottoCoin,LOT,"$161,868",$0.000011,"14,491,014,421",Low Vol,1.03%,8.70%,29.11%
456,Bitstar,BITS,"$149,686",$0.006486,"23,079,649",Low Vol,0.57%,2.02%,47.08%
457,Stress,STS,"$148,773",$0.000263,"565,134,332",Low Vol,0.57%,?,?
458,GAIA,GAIA,"$138,431",$0.005744,"24,101,381*",Low Vol,0.45%,16.23%,58.77%
459,Pakcoin,PAK,"$128,116",$0.003536,"36,231,550",Low Vol,-0.02%,6.16%,30.69%
460,Happycoin,HPC,"$126,954",$0.011190,"11,345,228",Low Vol,1.85%,40.80%,38.91%
461,MetalCoin,METAL,"$123,346",$0.001603,"76,925,527*",Low Vol,0.45%,-4.82%,?
462,FlutterCoin,FLT,"$123,213",$0.000382,"322,214,524",Low Vol,0.57%,11.37%,22.33%
463,LanaCoin,LANA,"$123,035",$0.000166,"743,387,665",Low Vol,0.16%,-3.20%,8.11%
464,CorgiCoin,CORG,"$117,537",$0.000094,"1,251,855,418*",Low Vol,0.50%,46.69%,227.44%
465,Joincoin,J,"$117,308",$0.047912,"2,448,402",Low Vol,0.45%,-9.89%,?
466,MarteXcoin,MXT,"$110,542",$0.040519,"2,728,161",Low Vol,5.56%,-0.17%,15.16%
467,GameUnits,UNITS,"$108,081",$0.031349,"3,447,687*",Low Vol,0.70%,-28.09%,-29.64%
468,Swing,SWING,"$107,829",$0.047897,"2,251,301",Low Vol,-10.70%,-15.85%,2.26%
469,TEKcoin,TEK,"$105,310",$0.000074,"1,414,054,562",Low Vol,0.56%,11.67%,51.81%
470,Bottlecaps,CAP,"$104,397",$0.000766,"136,319,096",Low Vol,0.57%,-1.90%,62.46%
471,Elementrem,ELE,"$101,830",$0.004078,"24,968,679",Low Vol,-5.92%,-1.86%,25.95%
472,RedCoin,RED,"$97,472",$0.001315,"74,107,896",Low Vol,0.56%,-9.92%,299.93%
473,Triangles,TRI,"$96,846",$1.33,"72,891",Low Vol,0.45%,6.67%,36.10%
474,WayGuide,WAY,"$95,767",$0.000957,"100,040,708*",Low Vol,0.57%,33.18%,63.73%
475,QuazarCoin,QCN,"$95,022",$0.016753,"5,672,095",Low Vol,-2.33%,-0.01%,27.70%
476,Yacoin,YAC,"$88,781",$0.000766,"115,927,840",Low Vol,0.57%,36.37%,?
477,Evotion,EVO,"$88,124",$0.035689,"2,469,220",Low Vol,0.76%,8.86%,44.57%
478,Truckcoin,TRK,"$87,269",$0.000718,"121,541,306*",Low Vol,0.57%,-23.99%,131.18%
479,BitcoinTX,BTX,"$85,067",$0.001053,"80,784,448*",Low Vol,0.57%,-79.45%,?
480,BERNcash,BERN,"$82,271",$0.001155,"71,209,498",Low Vol,0.45%,-1.62%,49.78%
481,CCMiner,CCM100,"$80,115",$0.033422,"2,397,104*",Low Vol,1.38%,-8.68%,160.38%
482,KiloCoin,KLC,"$79,863",$0.000407,"196,297,971",Low Vol,0.57%,1.32%,1.22%
483,AmberCoin,AMBER,"$78,336",$0.001795,"43,643,263**",Low Vol,0.45%,6.54%,?
484,PetroDollar,XPD,"$77,498",$0.001211,"63,993,275",Low Vol,0.45%,124.63%,21.10%
485,KushCoin,KUSH,"$77,118",$0.014311,"5,388,570",Low Vol,0.57%,50.62%,72.80%
486,NoLimitCoin,NLC2,"$76,756",$0.000383,"200,453,408*",Low Vol,7.27%,31.13%,69.17%
487,Flycoin,FLY,"$73,703",$0.349624,"210,806*",Low Vol,0.57%,?,?
488,UFO Coin,UFO,"$72,868",$0.000022,"3,276,611,262",Low Vol,?,?,?
489,Greencoin,GREV2,"$72,598",$0.000024,"3,033,496,641*",Low Vol,0.57%,6.77%,?
490,BunnyCoin,BUN,"$69,135",$6.8e-07,"101,350,774,343",Low Vol,-1.79%,-4.20%,211.71%
491,Environ,ENV,"$69,040",$0.000527,"131,127,877*",Low Vol,0.57%,11.61%,-59.98%
492,Phoenixcoin,PXC,"$68,955",$0.001196,"57,661,975",Low Vol,0.57%,-9.24%,31.23%
493,SproutsExtreme,SPEX,"$68,604",$0.000024,"2,866,607,586*",Low Vol,0.57%,6.54%,?
494,AgrolifeCoin,AGLC,"$68,111",$0.015556,"4,378,479*",Low Vol,0.57%,42.79%,?
495,Eternity,ENT,"$67,872",$0.022963,"2,955,696",Low Vol,0.66%,0.12%,46.12%
496,Valorbit,VAL,"$67,034",$0.000024,"2,800,992,403",Low Vol,0.57%,6.54%,30.96%
497,Allion,ALL,"$63,452",$0.010235,"6,199,359",Low Vol,0.57%,9.53%,35.96%
498,Lex4All,LEX,"$62,936",$0.062934,"1,000,043*",Low Vol,1.38%,-9.96%,-39.15%
499,ChessCoin,CHESS,"$61,596",$0.001146,"53,757,911*",Low Vol,0.51%,18.33%,-18.78%
500,Franko,FRK,"$61,432",$0.096447,"636,950",Low Vol,0.45%,6.52%,?
501,Zayedcoin,ZYD,"$59,622",$0.009549,"6,243,840",Low Vol,23.33%,-4.90%,52.61%
502,DigiCube,CUBE,"$58,134",$0.000024,"2,429,126,009*",Low Vol,0.57%,6.54%,?
503,AquariusCoin,ARCO,"$58,021",$0.047976,"1,209,379*",Low Vol,-0.64%,-1.49%,15.89%
504,ICOBID,ICOB,"$55,600",$0.000535,"103,862,796*",Low Vol,0.46%,25.98%,33.56%
505,Artex Coin,ATX,"$55,354",$0.002963,"18,678,860",Low Vol,1.08%,-23.69%,8.84%
506,BTCDragon,DRAGON,"$54,029",$0.133687,"404,146*",Low Vol,1.38%,-47.40%,-55.49%
507,Bitcloud,BTD,"$53,221",$0.004786,"11,119,097",Low Vol,0.57%,74.66%,95.69%
508,Argentum,ARG,"$52,661",$0.007064,"7,454,515",Low Vol,0.70%,-18.90%,277.34%
509,AurumCoin,AU,"$50,042",$0.168937,"296,216",Low Vol,0.19%,8.40%,40.57%
510,Nyancoin,NYAN,"$49,517",$0.000166,"297,891,209",Low Vol,0.10%,2.71%,64.22%
511,Emerald Crypto,EMD,"$49,331",$0.002580,"19,117,129",Low Vol,2.34%,-9.50%,51.77%
512,PonziCoin,PONZI,"$49,171",$0.057102,"861,099",Low Vol,0.57%,?,?
513,BigUp,BIGUP,"$49,083",$0.000024,"2,050,914,188",Low Vol,0.57%,6.54%,-34.51%
514,Chronos,CRX,"$48,130",$0.000653,"73,729,962",Low Vol,0.59%,25.84%,52.46%
515,Guncoin,GUN,"$47,735",$0.000263,"181,329,178",Low Vol,0.45%,-10.43%,53.02%
516,Sativacoin,STV,"$47,579",$0.006724,"7,076,274",Low Vol,0.46%,-7.99%,49.13%
517,Aricoin,ARI,"$44,966",$0.000321,"140,262,505",Low Vol,1.05%,71.18%,192.44%
518,AmsterdamCoin,AMS,"$44,210",$0.004603,"9,603,707",Low Vol,0.57%,-1.80%,-2.67%
519,Francs,FRN,"$44,164",$0.025765,"1,714,100",Low Vol,-0.42%,1.44%,8.27%
520,HealthyWormCoin,WORM,"$43,394",$0.004308,"10,073,408",Low Vol,0.57%,-12.63%,-31.73%
521,Jin Coin,JIN,"$42,189",$0.004284,"9,848,485",Low Vol,0.45%,11.99%,35.15%
522,SatoshiMadness,MAD,"$41,298",$0.000021,"2,000,683,485*",Low Vol,?,?,12.98%
523,Debitcoin,DBTC,"$40,331",$0.002242,"17,990,574",Low Vol,27.92%,-33.24%,6.43%
524,Honey,HONEY,"$39,485",$0.578057,"68,306",Low Vol,0.06%,-21.52%,64.28%
525,Cypher,CYP,"$39,455",$0.006198,"6,365,285*",Low Vol,0.45%,?,?
526,BiosCrypto,BIOS,"$38,792",$0.001871,"20,737,003*",Low Vol,0.56%,28.32%,67.85%
527,UCoin,U,"$38,495",$0.014311,"2,689,812*",Low Vol,0.45%,60.47%,138.81%
528,RonPaulCoin,RPC,"$37,467",$0.047864,"782,773",Low Vol,2.33%,94.60%,123.67%
529,UniCoin,UNIC,"$36,980",$0.012732,"2,904,482",Low Vol,0.19%,18.58%,76.21%
530,BurstOcean,OCEAN,"$34,765",$0.164120,"211,827*",Low Vol,-46.81%,-35.43%,30.17%
531,CryptoWorldX ...,CWXT,"$33,832",$0.000622,"54,370,950*",Low Vol,13.68%,20.44%,15.27%
532,PlatinumBAR,XPTX,"$33,629",$0.199977,"168,166",Low Vol,40.06%,-9.86%,8.73%
533,BipCoin,BIP,"$32,516",$0.024195,"1,343,889",Low Vol,0.57%,6.65%,13.14%
534,HempCoin,HMP,"$32,466",$0.000024,"1,356,601,946",Low Vol,0.57%,-27.07%,6.05%
535,Evil Coin,EVIL,"$31,823",$0.001514,"21,020,383",Low Vol,0.90%,-9.32%,25.30%
536,Tigercoin,TGC,"$31,258",$0.000718,"43,536,800",Low Vol,0.57%,19.30%,84.94%
537,Cannabis Indu...,XCI,"$30,765",$0.031453,"978,145",Low Vol,?,?,1.45%
538,Dobbscoin,BOB,"$30,359",$0.005999,"5,060,382",Low Vol,-0.74%,-15.76%,43.05%
539,PopularCoin,POP,"$29,713",$0.000009,"3,340,057,833",Low Vol,1.28%,22.07%,128.73%
540,SpaceCoin,SPACE,"$29,482",$0.001669,"17,668,723",Low Vol,-18.57%,-18.09%,11.60%
541,MACRON,MCRN,"$29,274",$0.000073,"401,421,401*",Low Vol,-0.60%,-0.31%,-13.89%
542,PX,PX,"$29,097",$0.000383,"76,014,342",Low Vol,?,0.24%,74.59%
543,Bitzeny,ZNY,"$28,954",$0.000383,"75,614,500",Low Vol,0.57%,31.13%,132.86%
544,SoonCoin,SOON,"$28,931",$0.002321,"12,462,620*",Low Vol,20.30%,18.79%,75.53%
545,Uro,URO,"$28,893",$0.023932,"1,207,310",Low Vol,0.57%,?,?
546,Bolivarcoin,BOLI,"$28,730",$0.004493,"6,394,850",Low Vol,-0.12%,-1.45%,-27.88%
547,Hommalicoin,HMC,"$28,282",$11.70,"2,417*",Low Vol,?,?,?
548,Destiny,DES,"$28,259",$0.017662,"1,600,000",Low Vol,?,5.68%,75.76%
549,Zurcoin,ZUR,"$28,212",$0.000359,"78,589,560",Low Vol,0.57%,-0.12%,80.21%
550,Halcyon,HAL,"$28,178",$0.006103,"4,617,322*",Low Vol,1.65%,25.61%,121.94%
551,Sprouts,SPRTS,"$28,030",$1.7e-07,"162,267,281,198*",Low Vol,0.06%,-7.83%,53.68%
552,Firecoin,FIRE,"$27,815",$0.282638,"98,412*",Low Vol,0.45%,52.15%,?
553,WMCoin,WMC,"$27,312",$0.002369,"11,527,489*",Low Vol,0.45%,?,?
554,Prime-XI,PXI,"$27,132",$0.001852,"14,651,060",Low Vol,0.57%,11.44%,2.47%
555,IslaCoin,ISL,"$26,807",$0.017710,"1,513,704*",Low Vol,0.57%,21.90%,31.16%
556,Universal Cur...,UNIT,"$25,665",$0.001967,"13,046,431",Low Vol,0.45%,-65.70%,-44.85%
557,OctoCoin,888,"$25,101",$0.000522,"48,079,189",Low Vol,14.59%,36.72%,-6.63%
558,Grantcoin,GRT,"$24,676",$0.000598,"41,242,813*",Low Vol,0.57%,6.54%,2.33%
559,MustangCoin,MST,"$24,501",$0.038984,"628,482",Low Vol,0.57%,-6.29%,32.64%
560,BitQuark,BTQ,"$24,489",$0.003422,"7,155,671",Low Vol,0.45%,6.54%,64.46%
561,CryptoEscudo,CESC,"$24,141",$0.000168,"144,105,100**",Low Vol,0.45%,21.78%,30.99%
562,Impact,IMX,"$22,636",$0.000207,"109,314,611",Low Vol,0.57%,?,52.45%
563,Abncoin,ABN,"$22,580",$0.333530,"67,700",Low Vol,0.57%,41.41%,?
564,Dreamcoin,DRM,"$22,162",$0.009097,"2,436,209*",Low Vol,?,?,?
565,Unrealcoin,URC,"$21,518",$0.003063,"7,024,402",Low Vol,0.45%,-30.42%,22.87%
566,MindCoin,MND,"$21,319",$0.001699,"12,546,625",Low Vol,0.57%,45.47%,93.75%
567,B3Coin,B3,"$20,877",$0.068661,"304,058",Low Vol,44.26%,-13.32%,123.80%
568,Crypto,CTO,"$20,434",$0.002082,"9,814,348",Low Vol,0.45%,?,40.69%
569,ARbit,ARB,"$20,237",$0.003159,"6,406,085",Low Vol,0.57%,-16.63%,23.29%
570,Flaxscript,FLAX,"$19,791",$0.003605,"5,489,599",Low Vol,-0.72%,68.95%,80.08%
571,Creatio,XCRE,"$19,138",$0.000933,"20,504,036*",Low Vol,-4.33%,?,-21.07%
572,Prototanium,PR,"$17,828",$0.091732,"194,348",Low Vol,61.02%,75.79%,40.19%
573,Orlycoin,ORLY,"$17,541",$0.000479,"36,646,779",Low Vol,0.57%,6.54%,45.74%
574,Alexium,AUM,"$16,948",$0.000835,"20,297,336*",Low Vol,?,?,?
575,Litecred,LTCR,"$16,746",$0.000554,"30,227,750",Low Vol,0.42%,-20.13%,-31.57%
576,Ride My Car,RIDE,"$16,473",$0.000163,"101,075,502*",Low Vol,0.57%,-2.50%,48.67%
577,VIP Tokens,VIP,"$15,977",$0.000191,"83,450,403*",Low Vol,0.45%,6.54%,31.44%
578,GameBet Coin,GBT,"$15,775",$0.000742,"21,262,780*",Low Vol,0.57%,?,19.43%
579,Steps,STEPS,"$15,155",$0.000814,"18,625,017*",Low Vol,26.50%,39.32%,30.99%
580,Magnum,MGM,"$15,124",$0.004188,"3,611,055",Low Vol,0.57%,14.96%,8.64%
581,Blackstar,BSTAR,"$15,096",$0.000024,"630,795,971*",Low Vol,0.57%,6.54%,?
582,GuccioneCoin,GCC,"$15,050",$0.000742,"20,285,537*",Low Vol,0.45%,3.21%,21.92%
583,Cannation,CNNC,"$14,953",$0.006103,"2,450,232",Low Vol,0.28%,-16.06%,2.65%
584,FuzzBalls,FUZZ,"$14,283",$0.002957,"4,829,945",Low Vol,0.06%,5.72%,87.64%
585,Money,$$$,"$14,274",$0.000311,"45,887,218",Low Vol,0.36%,-22.33%,-11.42%
586,Sling,SLING,"$14,138",$0.013163,"1,074,095*",Low Vol,0.45%,4.08%,-19.56%
587,TAGRcoin,TAGR,"$13,882",$0.000359,"38,669,634*",Low Vol,0.45%,6.54%,96.41%
588,AntiBitcoin,ANTI,"$13,865",$0.000794,"17,465,159",Low Vol,?,?,11.41%
589,FlavorCoin,FLVR,"$13,477",$0.000646,"20,873,161*",Low Vol,0.56%,-41.34%,-29.12%
590,LeaCoin,LEA,"$13,364",$0.000049,"274,519,289",Low Vol,0.50%,6.86%,33.22%
591,SecretCoin,SCRT,"$12,672",$0.002997,"4,228,672*",Low Vol,?,2.62%,1.87%
592,VapersCoin,VPRC,"$12,140",$0.000016,"780,124,964",Low Vol,45.06%,80.43%,-12.03%
593,DAPPSTER,DLISK,"$11,966",$0.000120,"100,000,000*",Low Vol,0.57%,?,?
594,GPU Coin,GPU,"$11,562",$0.000286,"40,477,042",Low Vol,-0.22%,-16.41%,8.01%
595,AnarchistsPrime,ACP,"$11,280",$0.002567,"4,394,874",Low Vol,20.13%,19.35%,-50.59%
596,WARP,WARP,"$11,009",$0.010051,"1,095,224*",Low Vol,0.45%,?,?
597,G3N,G3N,"$10,858",$0.001436,"7,561,891",Low Vol,0.45%,18.38%,?
598,Comet,CMT,"$10,758",$0.012325,"872,830",Low Vol,3.50%,24.35%,40.04%
599,Printerium,PRX,"$10,641",$0.001173,"9,074,428",Low Vol,0.45%,36.93%,83.38%
600,BlazeCoin,BLZ,"$10,631",$0.000017,"608,557,394",Low Vol,-27.96%,12.68%,103.67%
601,Bikercoin,BIC,"$10,308",$0.001117,"9,232,002",Low Vol,?,?,-44.00%
602,Cashcoin,CASH,"$10,290",$0.000287,"35,831,128",Low Vol,0.57%,?,423.94%
603,Qibuck Asset,QBK,"$10,269",$0.007693,"1,334,839*",Low Vol,1.38%,-39.46%,?
604,JobsCoin,JOBS,"$10,149",$0.000096,"106,019,270",Low Vol,0.45%,6.54%,161.52%
605,EGO,EGO,"$10,052",$0.000168,"60,000,001*",Low Vol,0.57%,50.41%,83.38%
606,PLNcoin,PLNC,"$9,906",$0.000580,"17,089,600**",Low Vol,?,?,32.47%
607,Iconic,ICON,"$9,833",$0.016585,"592,894*",Low Vol,0.57%,6.46%,13.75%
608,Metal Music Coin,MTLMC3,"$9,539",$0.000120,"79,719,140",Low Vol,0.57%,6.54%,64.47%
609,DPAY,DPAY,"$9,518",$0.000120,"79,541,001",Low Vol,0.57%,-3.19%,17.58%
610,1CRedit,1CR,"$9,439",$0.107001,"88,213",Low Vol,0.57%,16.04%,?
611,BowsCoin,BSC,"$8,642",$0.001557,"5,550,102",Low Vol,0.67%,6.71%,39.76%
612,Dix Asset,DIX,"$8,636",$1.4e-07,"60,000,000,000*",Low Vol,1.87%,0.77%,35.77%
613,Xonecoin,XOC,"$8,544",$0.020342,"420,000*",Low Vol,0.57%,?,53.57%
614,OsmiumCoin,OS76,"$8,499",$0.009507,"894,026",Low Vol,?,?,11.90%
615,Coinonat,CXT,"$8,481",$0.004565,"1,858,002",Low Vol,-1.06%,9.01%,61.98%
616,iBank,IBANK,"$8,449",$0.001867,"4,526,324",Low Vol,0.57%,10.80%,45.96%
617,PosEx,PEX,"$8,102",$0.003303,"2,453,240",Low Vol,0.57%,8.71%,43.46%
618,Shilling,SH,"$8,069",$0.002589,"3,116,550*",Low Vol,0.57%,28.13%,207.15%
619,TajCoin,TAJ,"$7,980",$0.001408,"5,667,934",Low Vol,-0.81%,10.48%,-1.50%
620,Zonecoin,ZNE,"$7,662",$0.002968,"2,581,970",Low Vol,0.57%,2.41%,48.39%
621,Bitcoin 21,XBTC21,"$7,611",$0.009597,"793,108*",Low Vol,0.45%,-15.57%,-41.89%
622,LetItRide,LIR,"$7,585",$0.000215,"35,216,376*",Low Vol,0.57%,-26.24%,-9.32%
623,Future Digita...,FDC,"$7,546",$0.002992,"2,522,551",Low Vol,0.57%,-19.74%,-30.85%
624,Speedcash,SCS,"$7,494",$0.028719,"260,946",Low Vol,0.57%,-27.97%,4.58%
625,Hirocoin,HIRO,"$7,428",$0.000024,"310,365,108",Low Vol,0.45%,6.54%,30.99%
626,Antilitecoin,ALTC,"$6,025",$0.000191,"31,512,613",Low Vol,?,6.40%,28.80%
627,Pulse,PULSE,"$5,955",$0.000416,"14,298,972",Low Vol,0.06%,-44.28%,-39.18%
628,Elysium,ELS,"$5,943",$0.001484,"4,005,012",Low Vol,0.57%,40.60%,53.48%
629,Rawcoin,XRC,"$5,904",$0.008376,"704,882",Low Vol,0.57%,54.17%,112.25%
630,Photon,PHO,"$5,615",$6.4e-07,"8,762,016,619",Low Vol,1.19%,-38.26%,6.01%
631,ImpulseCoin,IMPS,"$5,330",$0.000263,"20,245,510",Low Vol,0.57%,-24.28%,20.00%
632,SydPak,SDP,"$5,223",$0.032954,"158,483*",Low Vol,0.57%,-5.24%,-41.72%
633,GeertCoin,GEERT,"$5,195",$0.001039,"4,999,639",Low Vol,9.71%,38.75%,139.50%
634,Revenu,REV,"$5,093",$0.004260,"1,195,525",Low Vol,0.57%,17.79%,?
635,BitTokens,BXT,"$4,666",$0.009932,"469,845",Low Vol,0.57%,8.90%,-4.47%
636,GanjaCoin,420G,"$4,506",$0.006783,"664,286",Low Vol,0.57%,-74.65%,-12.85%
637,Save and Gain,SANDG,"$4,401",$0.001436,"3,064,800",Low Vol,0.45%,6.54%,54.10%
638,JIO Token,JIO,"$4,201",$0.002202,"1,908,128*",Low Vol,0.57%,-14.77%,?
639,Concoin,CONX,"$4,171",$0.006151,"678,151",Low Vol,0.57%,-17.01%,21.38%
640,NodeCoin,NODC,"$3,856",$0.002297,"1,678,439",Low Vol,0.57%,7.66%,?
641,BioBar,BIOB,"$3,604",$0.004068,"885,756*",Low Vol,0.57%,8.14%,9.80%
642,Impeachcoin,IMPCH,"$2,950",$0.009573,"308,179*",Low Vol,0.57%,14.87%,78.11%
643,Selfiecoin,SLFI,"$2,581",$0.000024,"107,829,281",Low Vol,0.57%,6.54%,30.82%
644,Doubloon,BOAT,"$2,377",$0.000670,"3,547,845",Low Vol,-29.60%,-23.27%,196.37%
645,Enigma,XNG,"$2,303",$0.138519,"16,627",Low Vol,0.45%,23.08%,60.90%
646,Californium,CF,"$1,994",$0.017949,"111,110",Low Vol,1.10%,-39.22%,19.36%
647,P7Coin,P7C,"$1,686",$0.000048,"35,220,238",Low Vol,0.45%,113.08%,?
648,Dollar Online,DOLLAR,$952,$0.010769,"88,379",Low Vol,0.57%,-22.42%,35.08%
649,Zcashshare,ZHS,$676,$0.000239,"2,826,000",Low Vol,0.45%,-10.18%,-6.06%
650,Digital Credits,DGCS,$558,$0.000096,"5,826,388",Low Vol,0.57%,-23.13%,37.68%
651,CRTCoin,CRT,$379,$0.004786,"79,270**",Low Vol,0.45%,6.54%,30.99%
652,PizzaCoin,PIZZA,$330,$0.000239,"1,377,917",Low Vol,0.57%,0.69%,?
653,Xenixcoin,XEN,$109,$0.010817,"10,100",Low Vol,0.57%,-62.96%,-66.98%
654,CaliphCoin,CALC,$84,$0.000962,"87,140",Low Vol,0.57%,-29.11%,-57.27%
655,MikeTheMug,MUG,$9,$0.000009,"999,279*",Low Vol,1.38%,-0.76%,-98.95%
656,BTCGold,XBG,?,$0.288047,?,Low Vol,0.57%,?,47.44%
657,Soarcoin,SOAR,?,$0.019720,?*,Low Vol,0.57%,1.42%,7.92%
658,23 Skidoo,CHAO,?,$9693.87,?,"$24,362",0.57%,6.53%,31.65%
659,Internet of T...,XOT,?,$813.69,?*,$581,0.57%,5.36%,27.25%
660,AMIS,AMIS,?,$421.52,?*,Low Vol,?,-0.24%,211.70%
661,Bitcoin Unlim...,BTU,?,$159.46,?,"$7,333",0.05%,6.13%,175.00%
662,Malcoin,MALC,?,$31.19,?*,"$52,805",0.57%,6.54%,30.99%
663,GoldUnionCoin,GUC,?,$23.62,?*,"$43,905",0.57%,8.27%,37.53%
664,Forevercoin,XFC,?,$17.14,?*,Low Vol,?,-0.66%,17.42%
665,iTicoin,ITI,?,$7.65,?*,$519,0.15%,23.96%,2.77%
666,Fargocoin,FRGC,?,$7.24,?,"$533,113",2.01%,3.05%,2.14%
667,Qtum,QTUM,?,$6.48,?*,"$12,794,800",0.37%,?,?
668,Decent (Pre-L...,DCT,?,$4.55,?*,"$3,368",0.57%,12.18%,247.83%
669,GAYcoin,GAY,?,$3.41,?,Low Vol,1.43%,813.04%,841.86%
670,Internet of P...,IOP,?,$3.35,?,"$20,686",-0.96%,30.03%,74.97%
671,Bitcore,BTX,?,$1.63,?,$600,0.57%,7.99%,32.00%
672,PRIZM,PZM,?,$1.09,?*,"$11,726",-12.85%,-6.74%,?
673,Databits,DTB,?,$1.07,?*,"$210,245",1.80%,26.34%,94.24%
674,DynamicCoin,DMC,?,$0.999626,?,"$373,252",0.00%,0.14%,0.01%
675,TechShares,THS,?,$0.847149,?*,"$2,037",0.57%,-11.66%,64.98%
676,Bitgem,BTG,?,$0.842657,?,Low Vol,0.25%,-21.14%,34.96%
677,TeslaCoilCoin,TESLA,?,$0.778871,?*,Low Vol,0.57%,-13.24%,-11.16%
678,Zilbercoin,ZBC,?,$0.430300,?*,"$178,323",-10.05%,12.54%,257.88%
679,LEOcoin,LEO,?,$0.426370,?**,"$238,526",-0.13%,2.63%,-8.30%
680,WA Space,WA,?,$0.411465,?,"$44,164",0.57%,5.39%,-6.17%
681,ClubCoin,CLUB,?,$0.319711,?*,"$46,376",1.02%,-0.07%,30.84%
682,XDE II,XDE2,?,$0.311009,?*,Low Vol,-73.38%,-54.55%,-54.37%
683,Yogold,YOG,?,$0.283724,?*,Low Vol,?,5.26%,-81.93%
684,EB3 Coin,EB3,?,$0.273113,?,"$126,930",0.57%,1.22%,3.09%
685,DIBCOIN,DIBC,?,$0.212340,?*,"$5,957",-1.58%,12.72%,26.83%
686,Pabyosi Coin ...,PCS,?,$0.196408,?,"$14,041",-1.03%,9.68%,31.35%
687,TROPTIONS,TROPTIONS,?,$0.187119,?*,Low Vol,0.26%,48.49%,114.12%
688,Topaz Coin,TOPAZ,?,$0.181615,?,"$2,800",2.86%,-60.77%,27.66%
689,Golos Gold,GBG,?,$0.175159,?*,"$161,664",-2.17%,8.17%,43.07%
690,AlpaCoin,APC,?,$0.156732,?,"$4,613",0.45%,16.62%,13.10%
691,Fazzcoin,FAZZ,?,$0.108227,?*,"$1,932",-6.55%,70.60%,34.24%
692,Wowecoin,WEC,?,$0.107000,?*,Low Vol,0.00%,0.94%,6.97%
693,InvisibleCoin,IVZ,?,$0.095038,?*,Low Vol,?,4.36%,?
694,Tattoocoin (L...,TLE,?,$0.094998,?*,Low Vol,0.02%,-40.76%,136.23%
695,DeusCoin,DEUS,?,$0.087352,?,"$7,617",0.57%,-18.08%,-18.86%
696,WavesGo,WGO,?,$0.062603,?*,"$3,076",-0.42%,-25.83%,-4.19%
697,International...,XID,?,$0.061242,?,"$3,021",0.57%,172.64%,21.37%
698,InsaneCoin,INSN,?,$0.060194,?,"$6,117",0.65%,-22.62%,-38.30%
699,Omicron,OMC,?,$0.040493,?*,Low Vol,0.45%,11.62%,?
700,LandCoin,LDCN,?,$0.037240,?*,Low Vol,0.57%,102.27%,146.16%
701,Tyrocoin,TYC,?,$0.035023,?,Low Vol,?,3.94%,139.33%
702,ShellPay,SHELL,?,$0.034106,?*,"$65,608",1.38%,66.21%,276.80%
703,EDRCoin,EDRC,?,$0.030434,?*,$923,0.04%,1.81%,58.54%
704,Elacoin,ELC,?,$0.030044,?,Low Vol,0.46%,-63.56%,8.94%
705,DeltaCredits,DCRE,?,$0.029724,?*,Low Vol,0.57%,?,34.77%
706,RHFCoin,RHFC,?,$0.028240,?*,"$4,937",0.57%,0.41%,-38.74%
707,Lepaoquan,HLB,?,$0.026675,?*,"$2,802,710",4.71%,10.77%,57.43%
708,President Joh...,GARY,?,$0.025823,?*,Low Vol,0.57%,-1.15%,22.85%
709,CryptoBuck,BUK,?,$0.025689,?,Low Vol,-0.43%,7.70%,-13.54%
710,Avoncoin,ACN,?,$0.024841,?*,"$2,068",1.55%,-7.84%,-5.12%
711,IvugeoCoin,IEC,?,$0.024004,?*,Low Vol,0.45%,6.54%,40.51%
712,Digitalfund,DTF,?,$0.022205,?,"$5,319",-3.77%,-2.04%,-18.12%
713,Gycoin,GYC,?,$0.021577,?,"$29,451",-5.65%,-5.03%,?
714,Goldpay Coin,GP,?,$0.014499,?*,"$243,337",0.00%,108.94%,184.13%
715,Mind Gene,MG,?,$0.012445,?,"$28,423",-3.15%,-1.94%,-26.89%
716,Sharkcoin,SAK,?,$0.012418,?,"$1,055",4.36%,13.61%,100.23%
717,KolschCoin,TP1,?,$0.011224,?,Low Vol,5.28%,11.39%,-2.79%
718,ZSEcoin,ZSE,?,$0.010291,?,Low Vol,0.57%,17.18%,15.11%
719,GBCGoldCoin,GBC,?,$0.009139,?,Low Vol,-0.16%,-0.14%,13.96%
720,PiCoin,PI,?,$0.009094,?,Low Vol,0.57%,6.54%,-4.94%
721,First Bitcoin,BIT,?,$0.008638,?,$602,0.57%,-2.67%,33.17%
722,9COIN,9COIN,?,$0.008113,?*,$801,0.57%,9.07%,9.10%
723,Opal,OPAL,?,$0.006732,?*,"$3,711",-2.29%,-4.22%,43.73%
724,CHNCoin,CNC,?,$0.006722,?,"$59,892",1.06%,0.56%,115.92%
725,Xaucoin,XAU,?,$0.006055,?,Low Vol,0.45%,-3.39%,23.04%
726,BagCoin,BGC,?,$0.006037,?,"$80,828",0.87%,-2.91%,104.10%
727,EggCoin,EGG,?,$0.005709,?*,Low Vol,?,-0.34%,61.89%
728,Advanced Inte...,AIB,?,$0.005634,?**,Low Vol,?,-0.55%,-19.28%
729,Psilocybin,PSY,?,$0.005517,?,Low Vol,?,-0.15%,?
730,Bitcoin Scrypt,BTCS,?,$0.005145,?,Low Vol,0.57%,48.13%,75.24%
731,GoldReserve,XGR,?,$0.005050,?**,"$1,235",0.55%,8.73%,34.87%
732,Axiom,AXIOM,?,$0.004786,?,Low Vol,0.57%,4.45%,?
733,MMXVI,MMXVI,?,$0.004762,?,"$2,182",29.11%,-5.37%,63.93%
734,Dashs,DASHS,?,$0.004571,?,Low Vol,0.57%,6.98%,-5.98%
735,UltraCoin,UTC,?,$0.004571,?,"$15,718",4.17%,9.06%,27.72%
736,President Trump,PRES,?,$0.003843,?*,Low Vol,0.45%,12.88%,10.53%
737,RoyalCoin 2,RYCN,?,$0.003751,?*,Low Vol,0.57%,16.26%,62.94%
738,Helleniccoin,HNC,?,$0.003590,?,Low Vol,0.57%,-0.12%,36.44%
739,Quotient,XQN,?,$0.003422,?*,Low Vol,0.57%,6.54%,?
740,netBit,NBIT,?,$0.003279,?*,Low Vol,0.57%,4.26%,31.86%
741,AvatarCoin,AV,?,$0.003207,?*,Low Vol,0.45%,?,?
742,TrickyCoin,TRICK,?,$0.002824,?,Low Vol,0.45%,?,36.42%
743,Clinton,CLINT,?,$0.002585,?*,Low Vol,0.45%,?,?
744,BitcoinFast,BCF,?,$0.002573,?**,Low Vol,0.09%,-12.07%,12.90%
745,GameLeagueCoin,GML,?,$0.002465,?*,Low Vol,0.45%,?,?
746,Mavro,MAVRO,?,$0.002369,?,Low Vol,0.57%,6.54%,14.76%
747,Condensate,RAIN,?,$0.002112,?,"$1,657",-1.09%,-9.80%,-39.76%
748,OCOW,OCOW,?,$0.002044,?,Low Vol,?,?,?
749,RichCoin,RICHX,?,$0.001795,?,Low Vol,0.57%,?,?
750,Alphabet Coin...,FUN,?,$0.001699,?,Low Vol,0.57%,8.06%,40.91%
751,PrismChain,PRM,?,$0.001675,?*,"$7,218",-25.87%,272.89%,1048.06%
752,BestChain,BEST,?,$0.001593,?,Low Vol,0.01%,0.47%,23.85%
753,TodayCoin,TODAY,?,$0.001580,?,$821,11.51%,33.15%,-21.89%
754,Neptune Classic,NTCC,?,$0.001508,?,$716,0.57%,14.73%,66.34%
755,CBD Crystals,CBD,?,$0.001506,?*,Low Vol,0.60%,43.71%,139.11%
756,Digital Bulli...,DBG,?,$0.001364,?*,Low Vol,0.45%,41.23%,73.63%
757,UR,UR,?,$0.001312,?,Low Vol,0.61%,18.37%,36.09%
758,Skeincoin,SKC,?,$0.001293,?,Low Vol,?,4.70%,?
759,Vsync,XVS,?,$0.001186,?,"$2,803",1.30%,24.22%,-21.47%
760,RoyalCoin,ROYAL,?,$0.001055,?,Low Vol,1.47%,-8.14%,-0.38%
761,Bitcedi,BXC,?,$0.000996,?,Low Vol,?,?,?
762,True Investme...,TIC,?,$0.000981,?*,Low Vol,0.57%,-27.20%,23.38%
763,Motocoin,MOTO,?,$0.000957,?,"$14,073",20.84%,-22.14%,-28.50%
764,The Aladin,ADT,?,$0.000890,?*,Low Vol,0.00%,-0.08%,?
765,WeAreSatoshi,WSX,?,$0.000885,?,Low Vol,0.45%,9.50%,-0.30%
766,FrankyWillCoin,FRWC,?,$0.000790,?,Low Vol,0.57%,13.41%,?
767,Braincoin,BRAIN,?,$0.000784,?*,Low Vol,?,-0.34%,?
768,Opescoin,OPES,?,$0.000766,?,Low Vol,0.57%,7.98%,?
769,Dubstep,DUB,?,$0.000718,?*,Low Vol,0.57%,3.10%,?
770,Cubits,QBT,?,$0.000718,?,Low Vol,0.45%,6.52%,27.66%
771,RubleBit,RUBIT,?,$0.000694,?,Low Vol,0.57%,-8.74%,9.56%
772,Grumfork,GMF,?,$0.000670,?,Low Vol,0.57%,14.74%,41.06%
773,SportsCoin,SPORT,?,$0.000630,?*,Low Vol,?,?,?
774,Quebecoin,QBC,?,$0.000574,?,Low Vol,0.45%,2.28%,42.89%
775,BlazerCoin,BLAZR,?,$0.000574,?,Low Vol,0.57%,113.08%,-13.00%
776,President San...,BURN,?,$0.000574,?*,Low Vol,0.57%,98.96%,-35.84%
777,Lazaruscoin,LAZ,?,$0.000570,?*,Low Vol,?,5.72%,32.46%
778,GoldMaxCoin,GMX,?,$0.000503,?*,Low Vol,0.45%,10.20%,?
779,BitAlphaCoin,BAC,?,$0.000479,?,Low Vol,0.57%,-1.77%,-15.52%
780,MarxCoin,MARX,?,$0.000479,?,"$24,653",4.48%,12.16%,45.84%
781,T-coin,TCOIN,?,$0.000455,?,"$14,002",0.45%,11.68%,38.26%
782,KashhCoin,KASHH,?,$0.000438,?*,"$4,860",-6.26%,16.65%,-18.76%
783,AsicCoin,ASC,?,$0.000416,?,Low Vol,1.20%,10.40%,?
784,Happy Creator...,HCC,?,$0.000407,?*,$808,0.48%,29.04%,105.85%
785,DarkLisk,DISK,?,$0.000335,?,Low Vol,-6.24%,-0.56%,49.87%
786,VGINA,VGINA,?,$0.000334,?,Low Vol,?,-75.18%,-77.95%
787,UGAIN,GAIN,?,$0.000311,?,Low Vol,0.57%,6.54%,30.99%
788,Gambleo,GMB,?,$0.000290,?*,Low Vol,?,-0.54%,?
789,Operand,OP,?,$0.000287,?*,Low Vol,0.57%,?,20.40%
790,Sakuracoin,SKR,?,$0.000287,?,Low Vol,-3.46%,6.54%,26.00%
791,The Vegan Ini...,XVE,?,$0.000263,?*,Low Vol,0.57%,30.22%,-5.51%
792,Cycling Coin,CYC,?,$0.000263,?*,Low Vol,0.57%,17.19%,55.55%
793,TeraCoin,TERA,?,$0.000239,?,"$3,865",0.57%,-2.74%,-36.29%
794,Moneta,MONETA,?,$0.000239,?,$842,0.57%,52.20%,118.31%
795,MobileCash,MBL,?,$0.000168,?,Low Vol,0.57%,-9.58%,52.82%
796,LAthaan,LTH,?,$0.000144,?,Low Vol,0.57%,?,?
797,LinkedCoin,LKC,?,$0.000120,?,"$1,116",0.57%,-8.65%,?
798,TheCreed,TCR,?,$0.000096,?,Low Vol,0.57%,6.54%,41.30%
799,Halloween Coin,HALLO,?,$0.000094,?,$593,0.53%,-22.81%,45.76%
800,InflationCoin,IFLT,?,$0.000058,?*,"$1,789",-5.16%,51.94%,123.26%
801,LePen,LEPEN,?,$0.000051,?*,Low Vol,15.11%,23.04%,25.81%
802,MoneyCoin,MONEY,?,$0.000048,?,Low Vol,0.45%,-14.86%,30.99%
803,UNCoin,UNC,?,$0.000048,?*,$921,0.57%,5.19%,17.67%
804,PayPeer,PAYP,?,$0.000048,?,Low Vol,0.57%,6.54%,-12.68%
805,Global Busine...,GBRC,?,$0.000048,?,Low Vol,0.57%,13.58%,161.97%
806,TeamUp,TEAM,?,$0.000048,?*,Low Vol,0.45%,7.10%,?
807,Cashme,CME,?,$0.000048,?**,Low Vol,0.57%,113.08%,161.91%
808,Wowcoin,WOW,?,$0.000048,?,Low Vol,0.57%,6.54%,161.97%
809,Tellurion,TELL,?,$0.000048,?,Low Vol,0.57%,?,161.97%
810,Devcoin,DVC,?,$0.000045,?,Low Vol,1.20%,103.04%,?
811,Safe Trade Coin,XSTC,?,$0.000040,?*,Low Vol,?,?,120.87%
812,Victoriouscoin,VTY,?,$0.000028,?,Low Vol,-0.43%,23.69%,52.72%
813,PokeCoin,POKE,?,$0.000024,?,Low Vol,0.45%,-64.51%,31.26%
814,President Cli...,HILL,?,$0.000024,?*,Low Vol,0.57%,6.54%,30.99%
815,Aces,ACES,?,$0.000024,?*,Low Vol,0.57%,6.54%,30.99%
816,PinkDog,PDG,?,$0.000024,?,Low Vol,0.57%,?,-55.72%
817,X2,X2,?,$0.000024,?*,Low Vol,0.57%,-37.73%,?
818,FireFlyCoin,FFC,?,$0.000024,?,Low Vol,0.57%,6.54%,30.99%
819,Rcoin,RCN,?,$0.000024,?,Low Vol,0.57%,6.54%,30.99%
820,ChoofCoin,CHOOF,?,$0.000024,?,Low Vol,0.57%,6.54%,30.99%
821,SoulCoin,SOUL,?,$0.000024,?,Low Vol,0.57%,6.54%,30.99%
822,VegasCoin,VGC,?,$0.000023,?,Low Vol,?,3.52%,-42.71%
823,CyberCoin,CC,?,$0.000023,?*,Low Vol,?,3.35%,27.06%
824,SuperTurboStake,STRB,?,$0.000023,?*,Low Vol,?,3.34%,?
825,Yescoin,YES,?,$0.000023,?,Low Vol,0.56%,4.24%,33.46%
826,FedoraShare,FEDS,?,$0.000018,?*,"$10,113,300",0.00%,1.14%,-11.69%
827,Virtacoin,VTA,?,$0.000015,?,"$3,477",0.60%,-6.79%,835.77%
828,Dimecoin,DIME,?,$0.000002,?,"$2,646",0.34%,449.65%,463.98%
829,XP,XP,?,$8e-07,?,Low Vol,-0.60%,-91.94%,-84.89%
830,BitCentavo,NBE,?,$3.2e-07,?,Low Vol,?,?,28.30%
831,Paccoin,PAC,?,$5.8e-08,?,Low Vol,-14.76%,-17.48%,230.72%
832,Bond,BOND,?,?,"1,344*",Low Vol,?,?,?
